-- MySQL dump 10.13  Distrib 8.0.42, for Linux (x86_64)
--
-- Host: localhost    Database: test_ecommerce
-- ------------------------------------------------------
-- Server version	8.0.42-0ubuntu0.24.04.1

/*!40101 SET @OLD_CHARACTER_SET_CLIENT=@@CHARACTER_SET_CLIENT */;
/*!40101 SET @OLD_CHARACTER_SET_RESULTS=@@CHARACTER_SET_RESULTS */;
/*!40101 SET @OLD_COLLATION_CONNECTION=@@COLLATION_CONNECTION */;
/*!50503 SET NAMES utf8mb4 */;
/*!40103 SET @OLD_TIME_ZONE=@@TIME_ZONE */;
/*!40103 SET TIME_ZONE='+00:00' */;
/*!40014 SET @OLD_UNIQUE_CHECKS=@@UNIQUE_CHECKS, UNIQUE_CHECKS=0 */;
/*!40014 SET @OLD_FOREIGN_KEY_CHECKS=@@FOREIGN_KEY_CHECKS, FOREIGN_KEY_CHECKS=0 */;
/*!40101 SET @OLD_SQL_MODE=@@SQL_MODE, SQL_MODE='NO_AUTO_VALUE_ON_ZERO' */;
/*!40111 SET @OLD_SQL_NOTES=@@SQL_NOTES, SQL_NOTES=0 */;

--
-- Table structure for table `Billboard`
--

DROP TABLE IF EXISTS `Billboard`;
/*!40101 SET @saved_cs_client     = @@character_set_client */;
/*!50503 SET character_set_client = utf8mb4 */;
CREATE TABLE `Billboard` (
  `id` varchar(191) COLLATE utf8mb4_unicode_ci NOT NULL,
  `storeId` varchar(191) COLLATE utf8mb4_unicode_ci NOT NULL,
  `label` varchar(191) COLLATE utf8mb4_unicode_ci NOT NULL,
  `imageUrl` varchar(191) COLLATE utf8mb4_unicode_ci NOT NULL,
  `createdAt` datetime(3) NOT NULL DEFAULT CURRENT_TIMESTAMP(3),
  `updatedAt` datetime(3) NOT NULL,
  PRIMARY KEY (`id`),
  KEY `Billboard_storeId_idx` (`storeId`)
) ENGINE=InnoDB DEFAULT CHARSET=utf8mb4 COLLATE=utf8mb4_unicode_ci;
/*!40101 SET character_set_client = @saved_cs_client */;

--
-- Dumping data for table `Billboard`
--

LOCK TABLES `Billboard` WRITE;
/*!40000 ALTER TABLE `Billboard` DISABLE KEYS */;
INSERT INTO `Billboard` VALUES ('ffce2b89-0e54-4886-af63-963deccd1133','85829e49-01f6-4a1d-b77b-afc027937abe','RonRamon','https://res.cloudinary.com/do02xb7de/image/upload/v1748946617/qcs0tx4se8gcyvotgn6l.jpg','2025-06-03 10:30:22.327','2025-06-03 10:30:22.327');
/*!40000 ALTER TABLE `Billboard` ENABLE KEYS */;
UNLOCK TABLES;

--
-- Table structure for table `Category`
--

DROP TABLE IF EXISTS `Category`;
/*!40101 SET @saved_cs_client     = @@character_set_client */;
/*!50503 SET character_set_client = utf8mb4 */;
CREATE TABLE `Category` (
  `id` varchar(191) COLLATE utf8mb4_unicode_ci NOT NULL,
  `storeId` varchar(191) COLLATE utf8mb4_unicode_ci NOT NULL,
  `billboardId` varchar(191) COLLATE utf8mb4_unicode_ci NOT NULL,
  `name` varchar(191) COLLATE utf8mb4_unicode_ci NOT NULL,
  `createdAt` datetime(3) NOT NULL DEFAULT CURRENT_TIMESTAMP(3),
  `updatedAt` datetime(3) NOT NULL,
  PRIMARY KEY (`id`),
  KEY `Category_storeId_idx` (`storeId`),
  KEY `Category_billboardId_idx` (`billboardId`)
) ENGINE=InnoDB DEFAULT CHARSET=utf8mb4 COLLATE=utf8mb4_unicode_ci;
/*!40101 SET character_set_client = @saved_cs_client */;

--
-- Dumping data for table `Category`
--

LOCK TABLES `Category` WRITE;
/*!40000 ALTER TABLE `Category` DISABLE KEYS */;
INSERT INTO `Category` VALUES ('9a2561ee-4065-11f0-be3e-c8cb9e320398','b409a0bb-8a23-47b1-a10a-7dda53f0e58f','b409a0bb-8a23-47b1-a10a-7dda53f0e58f','Electrónica','2025-06-03 04:29:17.049','2025-06-03 04:29:17.000'),('9a2565dd-4065-11f0-be3e-c8cb9e320398','b409a0bb-8a23-47b1-a10a-7dda53f0e58f','b409a0bb-8a23-47b1-a10a-7dda53f0e58f','Ropa','2025-06-03 04:29:17.049','2025-06-03 04:29:17.000'),('9a2566a8-4065-11f0-be3e-c8cb9e320398','b409a0bb-8a23-47b1-a10a-7dda53f0e58f','b409a0bb-8a23-47b1-a10a-7dda53f0e58f','Muebles','2025-06-03 04:29:17.049','2025-06-03 04:29:17.000'),('9a256722-4065-11f0-be3e-c8cb9e320398','b409a0bb-8a23-47b1-a10a-7dda53f0e58f','b409a0bb-8a23-47b1-a10a-7dda53f0e58f','Libros','2025-06-03 04:29:17.049','2025-06-03 04:29:17.000'),('9a2567a3-4065-11f0-be3e-c8cb9e320398','b409a0bb-8a23-47b1-a10a-7dda53f0e58f','b409a0bb-8a23-47b1-a10a-7dda53f0e58f','Zapatos','2025-06-03 04:29:17.049','2025-06-03 04:29:17.000'),('9a25688e-4065-11f0-be3e-c8cb9e320398','b409a0bb-8a23-47b1-a10a-7dda53f0e58f','b409a0bb-8a23-47b1-a10a-7dda53f0e58f','Decoración del hogar','2025-06-03 04:29:17.049','2025-06-03 04:29:17.000'),('9a256900-4065-11f0-be3e-c8cb9e320398','b409a0bb-8a23-47b1-a10a-7dda53f0e58f','b409a0bb-8a23-47b1-a10a-7dda53f0e58f','Juguetes','2025-06-03 04:29:17.049','2025-06-03 04:29:17.000'),('9a25696d-4065-11f0-be3e-c8cb9e320398','b409a0bb-8a23-47b1-a10a-7dda53f0e58f','b409a0bb-8a23-47b1-a10a-7dda53f0e58f','Deportes','2025-06-03 04:29:17.049','2025-06-03 04:29:17.000'),('9a2569e5-4065-11f0-be3e-c8cb9e320398','b409a0bb-8a23-47b1-a10a-7dda53f0e58f','b409a0bb-8a23-47b1-a10a-7dda53f0e58f','Belleza','2025-06-03 04:29:17.049','2025-06-03 04:29:17.000'),('9a256a54-4065-11f0-be3e-c8cb9e320398','b409a0bb-8a23-47b1-a10a-7dda53f0e58f','b409a0bb-8a23-47b1-a10a-7dda53f0e58f','Joyería','2025-06-03 04:29:17.049','2025-06-03 04:29:17.000'),('9a256ac3-4065-11f0-be3e-c8cb9e320398','b409a0bb-8a23-47b1-a10a-7dda53f0e58f','b409a0bb-8a23-47b1-a10a-7dda53f0e58f','Accesorios','2025-06-03 04:29:17.049','2025-06-03 04:29:17.000'),('9a256b33-4065-11f0-be3e-c8cb9e320398','b409a0bb-8a23-47b1-a10a-7dda53f0e58f','b409a0bb-8a23-47b1-a10a-7dda53f0e58f','Alimentación','2025-06-03 04:29:17.049','2025-06-03 04:29:17.000'),('9a256ba2-4065-11f0-be3e-c8cb9e320398','b409a0bb-8a23-47b1-a10a-7dda53f0e58f','b409a0bb-8a23-47b1-a10a-7dda53f0e58f','Mascotas','2025-06-03 04:29:17.049','2025-06-03 04:29:17.000'),('9a256c11-4065-11f0-be3e-c8cb9e320398','b409a0bb-8a23-47b1-a10a-7dda53f0e58f','b409a0bb-8a23-47b1-a10a-7dda53f0e58f','Automotriz','2025-06-03 04:29:17.049','2025-06-03 04:29:17.000'),('9a256c7f-4065-11f0-be3e-c8cb9e320398','b409a0bb-8a23-47b1-a10a-7dda53f0e58f','b409a0bb-8a23-47b1-a10a-7dda53f0e58f','Música','2025-06-03 04:29:17.049','2025-06-03 04:29:17.000'),('9a256d0b-4065-11f0-be3e-c8cb9e320398','b409a0bb-8a23-47b1-a10a-7dda53f0e58f','b409a0bb-8a23-47b1-a10a-7dda53f0e58f','Películas','2025-06-03 04:29:17.049','2025-06-03 04:29:17.000'),('9a256daa-4065-11f0-be3e-c8cb9e320398','b409a0bb-8a23-47b1-a10a-7dda53f0e58f','b409a0bb-8a23-47b1-a10a-7dda53f0e58f','Videojuegos','2025-06-03 04:29:17.049','2025-06-03 04:29:17.000'),('9a256e19-4065-11f0-be3e-c8cb9e320398','b409a0bb-8a23-47b1-a10a-7dda53f0e58f','b409a0bb-8a23-47b1-a10a-7dda53f0e58f','Jardín','2025-06-03 04:29:17.049','2025-06-03 04:29:17.000'),('9a256e86-4065-11f0-be3e-c8cb9e320398','b409a0bb-8a23-47b1-a10a-7dda53f0e58f','b409a0bb-8a23-47b1-a10a-7dda53f0e58f','Material de oficina','2025-06-03 04:29:17.049','2025-06-03 04:29:17.000'),('e818d133-4065-11f0-be3e-c8cb9e320398','85829e49-01f6-4a1d-b77b-afc027937abe','ffce2b89-0e54-4886-af63-963deccd1133','Electrónica','2025-06-03 04:31:27.829','2025-06-03 04:31:27.000'),('e818d821-4065-11f0-be3e-c8cb9e320398','85829e49-01f6-4a1d-b77b-afc027937abe','ffce2b89-0e54-4886-af63-963deccd1133','Ropa','2025-06-03 04:31:27.829','2025-06-03 04:31:27.000'),('e818d8c9-4065-11f0-be3e-c8cb9e320398','85829e49-01f6-4a1d-b77b-afc027937abe','ffce2b89-0e54-4886-af63-963deccd1133','Muebles','2025-06-03 04:31:27.829','2025-06-03 04:31:27.000'),('e818d945-4065-11f0-be3e-c8cb9e320398','85829e49-01f6-4a1d-b77b-afc027937abe','ffce2b89-0e54-4886-af63-963deccd1133','Libros','2025-06-03 04:31:27.829','2025-06-03 04:31:27.000'),('e818da00-4065-11f0-be3e-c8cb9e320398','85829e49-01f6-4a1d-b77b-afc027937abe','ffce2b89-0e54-4886-af63-963deccd1133','Zapatos','2025-06-03 04:31:27.829','2025-06-03 04:31:27.000'),('e818da90-4065-11f0-be3e-c8cb9e320398','85829e49-01f6-4a1d-b77b-afc027937abe','ffce2b89-0e54-4886-af63-963deccd1133','Decoración del hogar','2025-06-03 04:31:27.829','2025-06-03 04:31:27.000'),('e818db02-4065-11f0-be3e-c8cb9e320398','85829e49-01f6-4a1d-b77b-afc027937abe','ffce2b89-0e54-4886-af63-963deccd1133','Juguetes','2025-06-03 04:31:27.829','2025-06-03 04:31:27.000'),('e818db80-4065-11f0-be3e-c8cb9e320398','85829e49-01f6-4a1d-b77b-afc027937abe','ffce2b89-0e54-4886-af63-963deccd1133','Deportes','2025-06-03 04:31:27.829','2025-06-03 04:31:27.000'),('e818dc1c-4065-11f0-be3e-c8cb9e320398','85829e49-01f6-4a1d-b77b-afc027937abe','ffce2b89-0e54-4886-af63-963deccd1133','Belleza','2025-06-03 04:31:27.829','2025-06-03 04:31:27.000'),('e818dd08-4065-11f0-be3e-c8cb9e320398','85829e49-01f6-4a1d-b77b-afc027937abe','ffce2b89-0e54-4886-af63-963deccd1133','Joyería','2025-06-03 04:31:27.829','2025-06-03 04:31:27.000'),('e818dd87-4065-11f0-be3e-c8cb9e320398','85829e49-01f6-4a1d-b77b-afc027937abe','ffce2b89-0e54-4886-af63-963deccd1133','Accesorios','2025-06-03 04:31:27.829','2025-06-03 04:31:27.000'),('e818ddfd-4065-11f0-be3e-c8cb9e320398','85829e49-01f6-4a1d-b77b-afc027937abe','ffce2b89-0e54-4886-af63-963deccd1133','Alimentación','2025-06-03 04:31:27.829','2025-06-03 04:31:27.000'),('e818de77-4065-11f0-be3e-c8cb9e320398','85829e49-01f6-4a1d-b77b-afc027937abe','ffce2b89-0e54-4886-af63-963deccd1133','Mascotas','2025-06-03 04:31:27.829','2025-06-03 04:31:27.000'),('e818def3-4065-11f0-be3e-c8cb9e320398','85829e49-01f6-4a1d-b77b-afc027937abe','ffce2b89-0e54-4886-af63-963deccd1133','Automotriz','2025-06-03 04:31:27.829','2025-06-03 04:31:27.000'),('e818df6b-4065-11f0-be3e-c8cb9e320398','85829e49-01f6-4a1d-b77b-afc027937abe','ffce2b89-0e54-4886-af63-963deccd1133','Música','2025-06-03 04:31:27.829','2025-06-03 04:31:27.000'),('e818dffb-4065-11f0-be3e-c8cb9e320398','85829e49-01f6-4a1d-b77b-afc027937abe','ffce2b89-0e54-4886-af63-963deccd1133','Películas','2025-06-03 04:31:27.829','2025-06-03 04:31:27.000'),('e818e06f-4065-11f0-be3e-c8cb9e320398','85829e49-01f6-4a1d-b77b-afc027937abe','ffce2b89-0e54-4886-af63-963deccd1133','Videojuegos','2025-06-03 04:31:27.829','2025-06-03 04:31:27.000'),('e818e0f4-4065-11f0-be3e-c8cb9e320398','85829e49-01f6-4a1d-b77b-afc027937abe','ffce2b89-0e54-4886-af63-963deccd1133','Jardín','2025-06-03 04:31:27.829','2025-06-03 04:31:27.000'),('e818e165-4065-11f0-be3e-c8cb9e320398','85829e49-01f6-4a1d-b77b-afc027937abe','ffce2b89-0e54-4886-af63-963deccd1133','Material de oficina','2025-06-03 04:31:27.829','2025-06-03 04:31:27.000');
/*!40000 ALTER TABLE `Category` ENABLE KEYS */;
UNLOCK TABLES;

--
-- Table structure for table `Color`
--

DROP TABLE IF EXISTS `Color`;
/*!40101 SET @saved_cs_client     = @@character_set_client */;
/*!50503 SET character_set_client = utf8mb4 */;
CREATE TABLE `Color` (
  `id` varchar(191) COLLATE utf8mb4_unicode_ci NOT NULL,
  `storeId` varchar(191) COLLATE utf8mb4_unicode_ci NOT NULL,
  `name` varchar(191) COLLATE utf8mb4_unicode_ci NOT NULL,
  `value` varchar(191) COLLATE utf8mb4_unicode_ci NOT NULL,
  `createdAt` datetime(3) NOT NULL DEFAULT CURRENT_TIMESTAMP(3),
  `updatedAt` datetime(3) NOT NULL,
  PRIMARY KEY (`id`),
  KEY `Color_storeId_idx` (`storeId`)
) ENGINE=InnoDB DEFAULT CHARSET=utf8mb4 COLLATE=utf8mb4_unicode_ci;
/*!40101 SET character_set_client = @saved_cs_client */;

--
-- Dumping data for table `Color`
--

LOCK TABLES `Color` WRITE;
/*!40000 ALTER TABLE `Color` DISABLE KEYS */;
INSERT INTO `Color` VALUES ('9a2bbcf0-4065-11f0-be3e-c8cb9e320398','b409a0bb-8a23-47b1-a10a-7dda53f0e58f','Rojo','#FF0000','2025-06-03 04:29:17.091','2025-06-03 04:29:17.000'),('9a2bc009-4065-11f0-be3e-c8cb9e320398','b409a0bb-8a23-47b1-a10a-7dda53f0e58f','Azul','#0000FF','2025-06-03 04:29:17.091','2025-06-03 04:29:17.000'),('9a2bc0d5-4065-11f0-be3e-c8cb9e320398','b409a0bb-8a23-47b1-a10a-7dda53f0e58f','Verde','#00FF00','2025-06-03 04:29:17.091','2025-06-03 04:29:17.000'),('9a2bc17d-4065-11f0-be3e-c8cb9e320398','b409a0bb-8a23-47b1-a10a-7dda53f0e58f','Amarillo','#FFFF00','2025-06-03 04:29:17.091','2025-06-03 04:29:17.000'),('9a2bc1f7-4065-11f0-be3e-c8cb9e320398','b409a0bb-8a23-47b1-a10a-7dda53f0e58f','Morado','#800080','2025-06-03 04:29:17.091','2025-06-03 04:29:17.000'),('9a2bc2a2-4065-11f0-be3e-c8cb9e320398','b409a0bb-8a23-47b1-a10a-7dda53f0e58f','Naranja','#FFA500','2025-06-03 04:29:17.091','2025-06-03 04:29:17.000'),('9a2bc316-4065-11f0-be3e-c8cb9e320398','b409a0bb-8a23-47b1-a10a-7dda53f0e58f','Rosa','#FFC0CB','2025-06-03 04:29:17.091','2025-06-03 04:29:17.000'),('9a2bc383-4065-11f0-be3e-c8cb9e320398','b409a0bb-8a23-47b1-a10a-7dda53f0e58f','Negro','#000000','2025-06-03 04:29:17.091','2025-06-03 04:29:17.000'),('9a2bc3f1-4065-11f0-be3e-c8cb9e320398','b409a0bb-8a23-47b1-a10a-7dda53f0e58f','Blanco','#FFFFFF','2025-06-03 04:29:17.091','2025-06-03 04:29:17.000'),('9a2bc45b-4065-11f0-be3e-c8cb9e320398','b409a0bb-8a23-47b1-a10a-7dda53f0e58f','Gris','#808080','2025-06-03 04:29:17.091','2025-06-03 04:29:17.000'),('e81ecada-4065-11f0-be3e-c8cb9e320398','85829e49-01f6-4a1d-b77b-afc027937abe','Rojo','#FF0000','2025-06-03 04:31:27.869','2025-06-03 04:31:27.000'),('e81ecd74-4065-11f0-be3e-c8cb9e320398','85829e49-01f6-4a1d-b77b-afc027937abe','Azul','#0000FF','2025-06-03 04:31:27.869','2025-06-03 04:31:27.000'),('e81ecdfd-4065-11f0-be3e-c8cb9e320398','85829e49-01f6-4a1d-b77b-afc027937abe','Verde','#00FF00','2025-06-03 04:31:27.869','2025-06-03 04:31:27.000'),('e81ece86-4065-11f0-be3e-c8cb9e320398','85829e49-01f6-4a1d-b77b-afc027937abe','Amarillo','#FFFF00','2025-06-03 04:31:27.869','2025-06-03 04:31:27.000'),('e81ecef0-4065-11f0-be3e-c8cb9e320398','85829e49-01f6-4a1d-b77b-afc027937abe','Morado','#800080','2025-06-03 04:31:27.869','2025-06-03 04:31:27.000'),('e81ecf5a-4065-11f0-be3e-c8cb9e320398','85829e49-01f6-4a1d-b77b-afc027937abe','Naranja','#FFA500','2025-06-03 04:31:27.869','2025-06-03 04:31:27.000'),('e81ecfbc-4065-11f0-be3e-c8cb9e320398','85829e49-01f6-4a1d-b77b-afc027937abe','Rosa','#FFC0CB','2025-06-03 04:31:27.869','2025-06-03 04:31:27.000'),('e81ed01e-4065-11f0-be3e-c8cb9e320398','85829e49-01f6-4a1d-b77b-afc027937abe','Negro','#000000','2025-06-03 04:31:27.869','2025-06-03 04:31:27.000'),('e81ed07e-4065-11f0-be3e-c8cb9e320398','85829e49-01f6-4a1d-b77b-afc027937abe','Blanco','#FFFFFF','2025-06-03 04:31:27.869','2025-06-03 04:31:27.000'),('e81ed0e1-4065-11f0-be3e-c8cb9e320398','85829e49-01f6-4a1d-b77b-afc027937abe','Gris','#808080','2025-06-03 04:31:27.869','2025-06-03 04:31:27.000');
/*!40000 ALTER TABLE `Color` ENABLE KEYS */;
UNLOCK TABLES;

--
-- Table structure for table `Image`
--

DROP TABLE IF EXISTS `Image`;
/*!40101 SET @saved_cs_client     = @@character_set_client */;
/*!50503 SET character_set_client = utf8mb4 */;
CREATE TABLE `Image` (
  `id` varchar(191) COLLATE utf8mb4_unicode_ci NOT NULL,
  `productId` varchar(191) COLLATE utf8mb4_unicode_ci NOT NULL,
  `url` varchar(191) COLLATE utf8mb4_unicode_ci NOT NULL,
  `createdAt` datetime(3) NOT NULL DEFAULT CURRENT_TIMESTAMP(3),
  `updatedAt` datetime(3) NOT NULL,
  PRIMARY KEY (`id`),
  KEY `Image_productId_idx` (`productId`)
) ENGINE=InnoDB DEFAULT CHARSET=utf8mb4 COLLATE=utf8mb4_unicode_ci;
/*!40101 SET character_set_client = @saved_cs_client */;

--
-- Dumping data for table `Image`
--

LOCK TABLES `Image` WRITE;
/*!40000 ALTER TABLE `Image` DISABLE KEYS */;
INSERT INTO `Image` VALUES ('84850d03-532d-41e0-8931-6c62cbdab46a','4e0f6de2-abad-493c-b3a2-b1b3b31eb83f','https://res.cloudinary.com/do02xb7de/image/upload/v1748949756/tm0qh4ldk1i3qh9ruwt9.avif','2025-06-03 11:23:32.102','2025-06-03 11:23:32.102');
/*!40000 ALTER TABLE `Image` ENABLE KEYS */;
UNLOCK TABLES;

--
-- Table structure for table `Order`
--

DROP TABLE IF EXISTS `Order`;
/*!40101 SET @saved_cs_client     = @@character_set_client */;
/*!50503 SET character_set_client = utf8mb4 */;
CREATE TABLE `Order` (
  `id` varchar(191) COLLATE utf8mb4_unicode_ci NOT NULL,
  `storeId` varchar(191) COLLATE utf8mb4_unicode_ci NOT NULL,
  `isPaid` tinyint(1) NOT NULL DEFAULT '0',
  `phone` varchar(191) COLLATE utf8mb4_unicode_ci NOT NULL DEFAULT '',
  `address` varchar(191) COLLATE utf8mb4_unicode_ci NOT NULL DEFAULT '',
  `createdAt` datetime(3) NOT NULL DEFAULT CURRENT_TIMESTAMP(3),
  `updatedAt` datetime(3) NOT NULL,
  PRIMARY KEY (`id`),
  KEY `Order_storeId_idx` (`storeId`)
) ENGINE=InnoDB DEFAULT CHARSET=utf8mb4 COLLATE=utf8mb4_unicode_ci;
/*!40101 SET character_set_client = @saved_cs_client */;

--
-- Dumping data for table `Order`
--

LOCK TABLES `Order` WRITE;
/*!40000 ALTER TABLE `Order` DISABLE KEYS */;
INSERT INTO `Order` VALUES ('3fdfb62e-4077-11f0-be3e-c8cb9e320398','85829e49-01f6-4a1d-b77b-afc027937abe',1,'+525520000006','Av. Siempre Viva 100, Col. Centro, Guadalajara, México','2025-01-05 10:30:00.000','2025-06-03 06:35:36.000'),('3fdfbc00-4077-11f0-be3e-c8cb9e320398','85829e49-01f6-4a1d-b77b-afc027937abe',0,'+34612345678','Calle Mayor 50, Bajo A, Valencia, España','2025-01-20 14:15:00.000','2025-06-03 06:35:36.000'),('3fdfc00d-4077-11f0-be3e-c8cb9e320398','85829e49-01f6-4a1d-b77b-afc027937abe',1,'+13105550101','9021 Beverly Blvd, Suite 10, Los Angeles, CA','2025-02-10 09:00:00.000','2025-06-03 06:35:36.000'),('3fdfc3fc-4077-11f0-be3e-c8cb9e320398','85829e49-01f6-4a1d-b77b-afc027937abe',1,'+56998765432','Diagonal 234, Depto. 501, Providencia, Santiago','2025-02-28 17:45:00.000','2025-06-03 06:35:36.000'),('3fdfc80a-4077-11f0-be3e-c8cb9e320398','85829e49-01f6-4a1d-b77b-afc027937abe',0,'+447700900123','10 Downing Street, Westminster, London','2025-03-15 11:00:00.000','2025-06-03 06:35:36.000'),('3fdfcc04-4077-11f0-be3e-c8cb9e320398','85829e49-01f6-4a1d-b77b-afc027937abe',1,'+541140000000','Corrientes 345, Piso 10, Buenos Aires, Argentina','2025-03-22 08:30:00.000','2025-06-03 06:35:36.000'),('3fdfcfbf-4077-11f0-be3e-c8cb9e320398','85829e49-01f6-4a1d-b77b-afc027937abe',1,'+573001234567','Carrera 7 # 12-34, Bogotá D.C., Colombia','2025-04-01 16:00:00.000','2025-06-03 06:35:36.000'),('3fdfd2c3-4077-11f0-be3e-c8cb9e320398','85829e49-01f6-4a1d-b77b-afc027937abe',0,'+4917612345678','Hauptstraße 1, Berlin, Alemania','2025-04-10 12:00:00.000','2025-06-03 06:35:36.000'),('3fdfd5c8-4077-11f0-be3e-c8cb9e320398','85829e49-01f6-4a1d-b77b-afc027937abe',1,'+819012345678','Shibuya Crossing, Tokyo, Japan','2025-04-20 20:00:00.000','2025-06-03 06:35:36.000'),('3fdfd915-4077-11f0-be3e-c8cb9e320398','85829e49-01f6-4a1d-b77b-afc027937abe',1,'+61400111222','Bondi Beach Rd, Sydney, Australia','2025-05-01 07:00:00.000','2025-06-03 06:35:36.000'),('5ce762b6-4077-11f0-be3e-c8cb9e320398','85829e49-01f6-4a1d-b77b-afc027937abe',1,'+525530000016','Calle Magnolia 45, Jardines del Sur, Monterrey, México','2025-01-08 11:20:00.000','2025-06-03 06:36:25.000'),('5ce78642-4077-11f0-be3e-c8cb9e320398','85829e49-01f6-4a1d-b77b-afc027937abe',0,'+34620000017','Plaza Mayor 1, Apartamento 3C, Sevilla, España','2025-01-25 09:40:00.000','2025-06-03 06:36:25.000'),('5ce7acc8-4077-11f0-be3e-c8cb9e320398','85829e49-01f6-4a1d-b77b-afc027937abe',1,'+14155550102','Pier 39, Fisherman\'s Wharf, San Francisco, CA','2025-02-05 13:05:00.000','2025-06-03 06:36:25.000'),('5ce7c9d2-4077-11f0-be3e-c8cb9e320398','85829e49-01f6-4a1d-b77b-afc027937abe',1,'+56970000019','Av. Libertador 870, Depto. 12B, Viña del Mar, Chile','2025-02-20 18:00:00.000','2025-06-03 06:36:25.000'),('5ce7e2bf-4077-11f0-be3e-c8cb9e320398','85829e49-01f6-4a1d-b77b-afc027937abe',0,'+44780000020','221B Baker Street, Flat 4, London, UK','2025-03-02 07:10:00.000','2025-06-03 06:36:25.000'),('5ce7fbb3-4077-11f0-be3e-c8cb9e320398','85829e49-01f6-4a1d-b77b-afc027937abe',1,'+541150000021','Diagonal Norte 600, Recoleta, Buenos Aires, Argentina','2025-03-10 10:50:00.000','2025-06-03 06:36:25.000'),('5ce80727-4077-11f0-be3e-c8cb9e320398','85829e49-01f6-4a1d-b77b-afc027937abe',1,'+573100000022','Calle 100 # 15-20, Chapinero, Medellín, Colombia','2025-03-28 14:00:00.000','2025-06-03 06:36:25.000'),('5ce82cdf-4077-11f0-be3e-c8cb9e320398','85829e49-01f6-4a1d-b77b-afc027937abe',0,'+491600000023','Kurfürstendamm 237, Charlottenburg, Berlin, Alemania','2025-04-05 16:30:00.000','2025-06-03 06:36:25.000'),('5ce86eac-4077-11f0-be3e-c8cb9e320398','85829e49-01f6-4a1d-b77b-afc027937abe',1,'+817000000024','Ginza 4-chome, Chuo-ku, Tokyo, Japan','2025-04-12 19:15:00.000','2025-06-03 06:36:25.000'),('5ce88c07-4077-11f0-be3e-c8cb9e320398','85829e49-01f6-4a1d-b77b-afc027937abe',1,'+61410000025','George Street, The Rocks, Sydney, Australia','2025-04-18 08:00:00.000','2025-06-03 06:36:25.000'),('5ce8ac5c-4077-11f0-be3e-c8cb9e320398','85829e49-01f6-4a1d-b77b-afc027937abe',1,'+528100000026','Av. Universidad 500, Roma Norte, Ciudad de México','2025-04-22 10:00:00.000','2025-06-03 06:36:25.000'),('5ce92d00-4077-11f0-be3e-c8cb9e320398','85829e49-01f6-4a1d-b77b-afc027937abe',0,'+34930000027','La Rambla 80, Gótico, Barcelona, España','2025-04-25 15:30:00.000','2025-06-03 06:36:25.000'),('5ce94e27-4077-11f0-be3e-c8cb9e320398','85829e49-01f6-4a1d-b77b-afc027937abe',1,'+12130000028','Sunset Blvd 7000, Hollywood, Los Angeles, CA','2025-04-28 11:00:00.000','2025-06-03 06:36:25.000'),('5ce97969-4077-11f0-be3e-c8cb9e320398','85829e49-01f6-4a1d-b77b-afc027937abe',1,'+56220000029','Calle Recoleta 200, Bellavista, Santiago, Chile','2025-04-30 14:00:00.000','2025-06-03 06:36:25.000'),('5ce9b119-4077-11f0-be3e-c8cb9e320398','85829e49-01f6-4a1d-b77b-afc027937abe',0,'+44200000030','Abbey Road, St. John\'s Wood, London, UK','2025-05-01 09:00:00.000','2025-06-03 06:36:25.000'),('69d4ba08-4077-11f0-be3e-c8cb9e320398','85829e49-01f6-4a1d-b77b-afc027937abe',1,'+525540000031','Calle Cedro 20, Colonia del Valle, Puebla, México','2025-01-12 10:00:00.000','2025-06-03 06:36:46.000'),('69d4c023-4077-11f0-be3e-c8cb9e320398','85829e49-01f6-4a1d-b77b-afc027937abe',0,'+34630000032','Calle Gran Vía 10, Centro, Madrid, España','2025-01-28 16:30:00.000','2025-06-03 06:36:46.000'),('69d4c5ce-4077-11f0-be3e-c8cb9e320398','85829e49-01f6-4a1d-b77b-afc027937abe',1,'+15165550103','Broadway 500, Apt 10A, New York, NY','2025-02-08 09:10:00.000','2025-06-03 06:36:46.000'),('69d4ca85-4077-11f0-be3e-c8cb9e320398','85829e49-01f6-4a1d-b77b-afc027937abe',1,'+56960000034','Avenida Providencia 1500, Depto. 3, Santiago, Chile','2025-02-25 13:45:00.000','2025-06-03 06:36:46.000'),('69d4d078-4077-11f0-be3e-c8cb9e320398','85829e49-01f6-4a1d-b77b-afc027937abe',0,'+44790000035','Oxford Street 10, West End, London, UK','2025-03-05 11:00:00.000','2025-06-03 06:36:46.000'),('69d4d846-4077-11f0-be3e-c8cb9e320398','85829e49-01f6-4a1d-b77b-afc027937abe',1,'+541160000036','Avenida del Libertador 4500, Palermo, Buenos Aires, Argentina','2025-03-18 14:20:00.000','2025-06-03 06:36:46.000'),('69d4e174-4077-11f0-be3e-c8cb9e320398','85829e49-01f6-4a1d-b77b-afc027937abe',1,'+573200000037','Carrera 8 # 20-30, La Candelaria, Cali, Colombia','2025-04-03 10:45:00.000','2025-06-03 06:36:46.000'),('69d4f08b-4077-11f0-be3e-c8cb9e320398','85829e49-01f6-4a1d-b77b-afc027937abe',0,'+491500000038','Reichstagufer 1, Mitte, Berlin, Alemania','2025-04-15 15:00:00.000','2025-06-03 06:36:46.000'),('69d4fab6-4077-11f0-be3e-c8cb9e320398','85829e49-01f6-4a1d-b77b-afc027937abe',1,'+818000000039','Dotonbori, Chuo Ward, Osaka, Japan','2025-04-23 18:30:00.000','2025-06-03 06:36:46.000'),('69d5020c-4077-11f0-be3e-c8cb9e320398','85829e49-01f6-4a1d-b77b-afc027937abe',1,'+61420000040','St Kilda Road, Southbank, Melbourne, Australia','2025-04-29 09:00:00.000','2025-06-03 06:36:46.000'),('69d50899-4077-11f0-be3e-c8cb9e320398','85829e49-01f6-4a1d-b77b-afc027937abe',1,'+523300000041','Avenida Juárez 300, Centro, Guadalajara, México','2025-01-02 14:00:00.000','2025-06-03 06:36:46.000'),('69d50f59-4077-11f0-be3e-c8cb9e320398','85829e49-01f6-4a1d-b77b-afc027937abe',0,'+34910000042','Paseo de Gracia 10, L\'Eixample, Barcelona, España','2025-01-18 11:45:00.000','2025-06-03 06:36:46.000'),('69d513ad-4077-11f0-be3e-c8cb9e320398','85829e49-01f6-4a1d-b77b-afc027937abe',1,'+16465550104','Wall Street 1, Financial District, New York, NY','2025-02-14 10:10:00.000','2025-06-03 06:36:46.000'),('69d5178f-4077-11f0-be3e-c8cb9e320398','85829e49-01f6-4a1d-b77b-afc027937abe',1,'+56950000044','Los Leones 100, Providencia, Santiago, Chile','2025-03-01 16:25:00.000','2025-06-03 06:36:46.000'),('69d51b96-4077-11f0-be3e-c8cb9e320398','85829e49-01f6-4a1d-b77b-afc027937abe',0,'+441610000045','Deansgate 1, Manchester, UK','2025-04-08 09:50:00.000','2025-06-03 06:36:46.000'),('82056ce2-4076-11f0-be3e-c8cb9e320398','85829e49-01f6-4a1d-b77b-afc027937abe',1,'+525512345678','Calle Falsa 123, Colonia Centro, Ciudad de México','2025-06-03 06:30:18.000','2025-06-03 06:30:18.000'),('8205733f-4076-11f0-be3e-c8cb9e320398','85829e49-01f6-4a1d-b77b-afc027937abe',0,'+34600987654','Avenida Siempreviva 742, Springfield, Madrid','2025-06-03 06:30:18.000','2025-06-03 06:30:18.000'),('82057746-4076-11f0-be3e-c8cb9e320398','85829e49-01f6-4a1d-b77b-afc027937abe',1,'+12125550100','101 Elm Street, Apt 4B, New York, NY','2025-06-03 06:30:18.000','2025-06-03 06:30:18.000'),('82057ace-4076-11f0-be3e-c8cb9e320398','85829e49-01f6-4a1d-b77b-afc027937abe',1,'+56987654321','Pasaje del Sol 88, Las Condes, Santiago','2025-06-03 06:30:18.000','2025-06-03 06:30:18.000'),('82057ea0-4076-11f0-be3e-c8cb9e320398','85829e49-01f6-4a1d-b77b-afc027937abe',0,'+447911123456','Flat 5, Baker Street 221B, London','2025-06-03 06:30:18.000','2025-06-03 06:30:18.000'),('841510af-4077-11f0-be3e-c8cb9e320398','85829e49-01f6-4a1d-b77b-afc027937abe',1,'+525550000046','Av. Central 789, Colonia del Sol, Querétaro, México','2025-05-15 13:00:00.000','2025-06-03 06:37:30.000'),('84151764-4077-11f0-be3e-c8cb9e320398','85829e49-01f6-4a1d-b77b-afc027937abe',0,'+34640000047','Rambla de Cataluña 1, Eixample, Barcelona, España','2025-05-01 10:10:00.000','2025-06-03 06:37:30.000'),('84151ccf-4077-11f0-be3e-c8cb9e320398','85829e49-01f6-4a1d-b77b-afc027937abe',1,'+17185550105','Park Avenue 1000, Upper East Side, New York, NY','2025-05-18 15:20:00.000','2025-06-03 06:37:30.000'),('84152177-4077-11f0-be3e-c8cb9e320398','85829e49-01f6-4a1d-b77b-afc027937abe',1,'+56940000049','Calle Larga 200, Concepción, Chile','2025-03-05 08:30:00.000','2025-06-03 06:37:30.000'),('84152745-4077-11f0-be3e-c8cb9e320398','85829e49-01f6-4a1d-b77b-afc027937abe',0,'+44760000050','Piccadilly Circus, West End, London, UK','2025-03-20 12:45:00.000','2025-06-03 06:37:30.000'),('84152c0a-4077-11f0-be3e-c8cb9e320398','85829e49-01f6-4a1d-b77b-afc027937abe',1,'+541170000051','Defensa 100, San Telmo, Buenos Aires, Argentina','2025-04-02 11:00:00.000','2025-06-03 06:37:30.000'),('84153073-4077-11f0-be3e-c8cb9e320398','85829e49-01f6-4a1d-b77b-afc027937abe',1,'+573300000052','Calle 12 # 3-20, Centro, Cartagena, Colombia','2025-04-10 17:00:00.000','2025-06-03 06:37:30.000'),('8415351d-4077-11f0-be3e-c8cb9e320398','85829e49-01f6-4a1d-b77b-afc027937abe',0,'+491700000053','Brandenburger Tor, Unter den Linden, Berlin, Alemania','2025-04-25 09:30:00.000','2025-06-03 06:37:30.000'),('841539aa-4077-11f0-be3e-c8cb9e320398','85829e49-01f6-4a1d-b77b-afc027937abe',1,'+819000000054','Takeshita Street, Harajuku, Tokyo, Japan','2025-05-01 14:00:00.000','2025-06-03 06:37:30.000'),('84153ecf-4077-11f0-be3e-c8cb9e320398','85829e49-01f6-4a1d-b77b-afc027937abe',1,'+61430000055','Queen Victoria Market, Melbourne, Australia','2025-01-01 09:00:00.000','2025-06-03 06:37:30.000'),('841543a9-4077-11f0-be3e-c8cb9e320398','85829e49-01f6-4a1d-b77b-afc027937abe',1,'+528110000056','Paseo de la Reforma 222, Cuauhtémoc, Ciudad de México','2025-02-12 11:55:00.000','2025-06-03 06:37:30.000'),('841547d4-4077-11f0-be3e-c8cb9e320398','85829e49-01f6-4a1d-b77b-afc027937abe',0,'+34920000057','Calle de Alcalá 100, Salamanca, Madrid, España','2025-03-07 16:10:00.000','2025-06-03 06:37:30.000'),('84154edc-4077-11f0-be3e-c8cb9e320398','85829e49-01f6-4a1d-b77b-afc027937abe',1,'+13230000058','Venice Beach Boardwalk, Los Angeles, CA','2025-05-25 10:20:00.000','2025-06-03 06:37:30.000'),('8415552d-4077-11f0-be3e-c8cb9e320398','85829e49-01f6-4a1d-b77b-afc027937abe',1,'+56930000059','San Pedro de Atacama, Antofagasta, Chile','2025-05-11 13:30:00.000','2025-06-03 06:37:30.000'),('841559f0-4077-11f0-be3e-c8cb9e320398','85829e49-01f6-4a1d-b77b-afc027937abe',0,'+442010000060','Trafalgar Square, Westminster, London, UK','2025-05-27 18:40:00.000','2025-06-03 06:37:30.000'),('99752a3d-4077-11f0-be3e-c8cb9e320398','85829e49-01f6-4a1d-b77b-afc027937abe',1,'+525560000061','Calle Cerezos 50, Fracc. Las Lomas, Guadalajara, México','2025-01-03 08:00:00.000','2025-06-03 06:38:06.000'),('99752f1c-4077-11f0-be3e-c8cb9e320398','85829e49-01f6-4a1d-b77b-afc027937abe',0,'+34650000062','Calle Colón 20, Centro, Valencia, España','2025-01-17 11:30:00.000','2025-06-03 06:38:06.000'),('9975337b-4077-11f0-be3e-c8cb9e320398','85829e49-01f6-4a1d-b77b-afc027937abe',1,'+16075550106','Times Square, Midtown, New York, NY','2025-02-01 16:45:00.000','2025-06-03 06:38:06.000'),('9975382d-4077-11f0-be3e-c8cb9e320398','85829e49-01f6-4a1d-b77b-afc027937abe',1,'+56990000064','Av. Kennedy 7000, Vitacura, Santiago, Chile','2025-02-19 09:20:00.000','2025-06-03 06:38:06.000'),('99753c87-4077-11f0-be3e-c8cb9e320398','85829e49-01f6-4a1d-b77b-afc027937abe',0,'+44750000065','London Bridge, City of London, UK','2025-03-08 14:00:00.000','2025-06-03 06:38:06.000'),('997540fa-4077-11f0-be3e-c8cb9e320398','85829e49-01f6-4a1d-b77b-afc027937abe',1,'+541180000066','Av. Santa Fe 1500, Recoleta, Buenos Aires, Argentina','2025-03-25 10:50:00.000','2025-06-03 06:38:06.000'),('99754595-4077-11f0-be3e-c8cb9e320398','85829e49-01f6-4a1d-b77b-afc027937abe',1,'+573400000067','Calle 93 # 12-30, Chico, Bogotá D.C., Colombia','2025-04-04 15:15:00.000','2025-06-03 06:38:06.000'),('99754a6c-4077-11f0-be3e-c8cb9e320398','85829e49-01f6-4a1d-b77b-afc027937abe',0,'+491710000068','Alexanderplatz 1, Mitte, Berlin, Alemania','2025-04-18 12:00:00.000','2025-06-03 06:38:06.000'),('99754f01-4077-11f0-be3e-c8cb9e320398','85829e49-01f6-4a1d-b77b-afc027937abe',1,'+819010000069','Shinjuku Gyoen National Garden, Shinjuku, Tokyo, Japan','2025-04-26 19:00:00.000','2025-06-03 06:38:06.000'),('9975539f-4077-11f0-be3e-c8cb9e320398','85829e49-01f6-4a1d-b77b-afc027937abe',1,'+61440000070','Sydney Harbour Bridge, Sydney, Australia','2025-05-01 06:30:00.000','2025-06-03 06:38:06.000'),('99755814-4077-11f0-be3e-c8cb9e320398','85829e49-01f6-4a1d-b77b-afc027937abe',1,'+528120000071','Av. Lázaro Cárdenas 100, Zona Centro, Ciudad de México','2025-01-07 10:00:00.000','2025-06-03 06:38:06.000'),('99755cc7-4077-11f0-be3e-c8cb9e320398','85829e49-01f6-4a1d-b77b-afc027937abe',0,'+34900000072','Plaça de Catalunya, Eixample, Barcelona, España','2025-01-23 15:00:00.000','2025-06-03 06:38:06.000'),('9975615f-4077-11f0-be3e-c8cb9e320398','85829e49-01f6-4a1d-b77b-afc027937abe',1,'+19175550107','Fifth Avenue 600, Midtown, New York, NY','2025-02-11 11:11:00.000','2025-06-03 06:38:06.000'),('997565e6-4077-11f0-be3e-c8cb9e320398','85829e49-01f6-4a1d-b77b-afc027937abe',1,'+56980000074','Calle Agustinas 1000, Santiago, Chile','2025-03-03 17:20:00.000','2025-06-03 06:38:06.000'),('99756acb-4077-11f0-be3e-c8cb9e320398','85829e49-01f6-4a1d-b77b-afc027937abe',0,'+441710000075','Hyde Park, City of Westminster, London, UK','2025-04-14 09:30:00.000','2025-06-03 06:38:06.000'),('bd44a0c1-4077-11f0-be3e-c8cb9e320398','85829e49-01f6-4a1d-b77b-afc027937abe',1,'+525570000076','Calle Roble 88, Colonia del Bosque, Puebla, México','2025-01-09 10:00:00.000','2025-06-03 06:39:06.000'),('bd44a728-4077-11f0-be3e-c8cb9e320398','85829e49-01f6-4a1d-b77b-afc027937abe',0,'+34660000077','Avenida de la Constitución 1, Centro, Sevilla, España','2025-01-26 14:30:00.000','2025-06-03 06:39:06.000'),('bd44acbc-4077-11f0-be3e-c8cb9e320398','85829e49-01f6-4a1d-b77b-afc027937abe',1,'+18025550108','Statue of Liberty, Liberty Island, New York, NY','2025-02-02 09:15:00.000','2025-06-03 06:39:06.000'),('bd44b0bb-4077-11f0-be3e-c8cb9e320398','85829e49-01f6-4a1d-b77b-afc027937abe',1,'+56970000079','Plaza de Armas 100, Centro, Valparaíso, Chile','2025-02-21 16:50:00.000','2025-06-03 06:39:06.000'),('bd44b488-4077-11f0-be3e-c8cb9e320398','85829e49-01f6-4a1d-b77b-afc027937abe',0,'+44740000080','Tower of London, Tower Hill, London, UK','2025-03-09 11:40:00.000','2025-06-03 06:39:06.000'),('bd44b9ab-4077-11f0-be3e-c8cb9e320398','85829e49-01f6-4a1d-b77b-afc027937abe',1,'+541190000081','Calle Florida 500, Microcentro, Buenos Aires, Argentina','2025-03-26 15:00:00.000','2025-06-03 06:39:06.000'),('bd44be62-4077-11f0-be3e-c8cb9e320398','85829e49-01f6-4a1d-b77b-afc027937abe',1,'+573500000082','Calle 72 # 5-10, Zona G, Bogotá D.C., Colombia','2025-04-05 10:00:00.000','2025-06-03 06:39:06.000'),('bd44c39c-4077-11f0-be3e-c8cb9e320398','85829e49-01f6-4a1d-b77b-afc027937abe',0,'+491720000083','East Side Gallery, Friedrichshain, Berlin, Alemania','2025-04-19 13:20:00.000','2025-06-03 06:39:06.000'),('bd44cd04-4077-11f0-be3e-c8cb9e320398','85829e49-01f6-4a1d-b77b-afc027937abe',1,'+819020000084','Fushimi Inari-taisha, Kyoto, Japan','2025-04-27 18:00:00.000','2025-06-03 06:39:06.000'),('bd44d41e-4077-11f0-be3e-c8cb9e320398','85829e49-01f6-4a1d-b77b-afc027937abe',1,'+61450000085','Bondi Beach, Bondi, Sydney, Australia','2025-05-01 08:00:00.000','2025-06-03 06:39:06.000'),('bd44d903-4077-11f0-be3e-c8cb9e320398','85829e49-01f6-4a1d-b77b-afc027937abe',1,'+528130000086','Calzada del Valle, San Pedro Garza García, Monterrey, México','2025-01-04 15:00:00.000','2025-06-03 06:39:06.000'),('bd44de93-4077-11f0-be3e-c8cb9e320398','85829e49-01f6-4a1d-b77b-afc027937abe',0,'+34940000087','Catedral de Santiago, Centro, Santiago de Compostela, España','2025-01-21 12:10:00.000','2025-06-03 06:39:06.000'),('bd44e46b-4077-11f0-be3e-c8cb9e320398','85829e49-01f6-4a1d-b77b-afc027937abe',1,'+13475550109','Brooklyn Bridge, Brooklyn, New York, NY','2025-02-15 14:00:00.000','2025-06-03 06:39:06.000'),('bd44e8b2-4077-11f0-be3e-c8cb9e320398','85829e49-01f6-4a1d-b77b-afc027937abe',1,'+56960000089','Costanera Center, Providencia, Santiago, Chile','2025-03-04 10:40:00.000','2025-06-03 06:39:06.000'),('bd44ed11-4077-11f0-be3e-c8cb9e320398','85829e49-01f6-4a1d-b77b-afc027937abe',0,'+441810000090','Windsor Castle, Windsor, Berkshire, UK','2025-03-21 13:00:00.000','2025-06-03 06:39:06.000'),('bd44f11c-4077-11f0-be3e-c8cb9e320398','85829e49-01f6-4a1d-b77b-afc027937abe',1,'+541100000091','Caminito, La Boca, Buenos Aires, Argentina','2025-04-06 09:00:00.000','2025-06-03 06:39:06.000'),('bd44f4db-4077-11f0-be3e-c8cb9e320398','85829e49-01f6-4a1d-b77b-afc027937abe',1,'+573600000092','Plaza Bolívar, La Candelaria, Bogotá D.C., Colombia','2025-04-16 11:30:00.000','2025-06-03 06:39:06.000'),('bd44f8b2-4077-11f0-be3e-c8cb9e320398','85829e49-01f6-4a1d-b77b-afc027937abe',0,'+491730000093','Marienplatz, Altstadt-Lehel, Múnich, Alemania','2025-04-24 16:00:00.000','2025-06-03 06:39:06.000'),('bd44fc8b-4077-11f0-be3e-c8cb9e320398','85829e49-01f6-4a1d-b77b-afc027937abe',1,'+819030000094','Arashiyama Bamboo Grove, Kyoto, Japan','2025-04-30 20:00:00.000','2025-06-03 06:39:06.000'),('bd45008b-4077-11f0-be3e-c8cb9e320398','85829e49-01f6-4a1d-b77b-afc027937abe',1,'+61460000095','Opera House, Bennelong Point, Sydney, Australia','2025-01-01 12:00:00.000','2025-06-03 06:39:06.000'),('d48d9404-4077-11f0-be3e-c8cb9e320398','85829e49-01f6-4a1d-b77b-afc027937abe',1,'+525580000096','Av. de la Paz 150, Colonia Americana, Guadalajara, México','2025-01-10 11:00:00.000','2025-06-03 06:39:46.000'),('d48da5d4-4077-11f0-be3e-c8cb9e320398','85829e49-01f6-4a1d-b77b-afc027937abe',0,'+34670000097','Calle Larios 5, Centro, Málaga, España','2025-01-27 15:30:00.000','2025-06-03 06:39:46.000'),('d48db3ea-4077-11f0-be3e-c8cb9e320398','85829e49-01f6-4a1d-b77b-afc027937abe',1,'+19145550110','Empire State Building, 5th Ave, New York, NY','2025-02-03 09:45:00.000','2025-06-03 06:39:46.000'),('d48dc6bc-4077-11f0-be3e-c8cb9e320398','85829e49-01f6-4a1d-b77b-afc027937abe',1,'+56980000099','Cerro San Cristóbal, Providencia, Santiago, Chile','2025-02-22 17:15:00.000','2025-06-03 06:39:46.000'),('d48dcf63-4077-11f0-be3e-c8cb9e320398','85829e49-01f6-4a1d-b77b-afc027937abe',0,'+44730000100','Buckingham Palace, Westminster, London, UK','2025-03-10 12:00:00.000','2025-06-03 06:39:46.000'),('d48dd9c6-4077-11f0-be3e-c8cb9e320398','85829e49-01f6-4a1d-b77b-afc027937abe',1,'+541110000101','Obelisco de Buenos Aires, Corrientes, Buenos Aires, Argentina','2025-03-27 15:45:00.000','2025-06-03 06:39:46.000'),('d48de23d-4077-11f0-be3e-c8cb9e320398','85829e49-01f6-4a1d-b77b-afc027937abe',1,'+573700000102','Parque de la 93, Chicó, Bogotá D.C., Colombia','2025-04-07 10:30:00.000','2025-06-03 06:39:46.000'),('d48defb9-4077-11f0-be3e-c8cb9e320398','85829e49-01f6-4a1d-b77b-afc027937abe',0,'+491740000103','Museum Island, Mitte, Berlin, Alemania','2025-04-21 14:00:00.000','2025-06-03 06:39:46.000'),('d48e01e6-4077-11f0-be3e-c8cb9e320398','85829e49-01f6-4a1d-b77b-afc027937abe',1,'+819040000104','Tokyo Skytree, Sumida City, Tokyo, Japan','2025-04-29 19:30:00.000','2025-06-03 06:39:46.000'),('d48e0b84-4077-11f0-be3e-c8cb9e320398','85829e49-01f6-4a1d-b77b-afc027937abe',1,'+61470000105','The Rocks, Sydney, Australia','2025-05-01 07:30:00.000','2025-06-03 06:39:46.000'),('d48e12de-4077-11f0-be3e-c8cb9e320398','85829e49-01f6-4a1d-b77b-afc027937abe',1,'+528140000106','Bosque de Chapultepec, Miguel Hidalgo, Ciudad de México','2025-01-06 13:00:00.000','2025-06-03 06:39:46.000'),('d48e1965-4077-11f0-be3e-c8cb9e320398','85829e49-01f6-4a1d-b77b-afc027937abe',0,'+34950000107','Ciudad de las Artes y las Ciencias, Valencia, España','2025-01-22 10:40:00.000','2025-06-03 06:39:46.000'),('d48e1e1f-4077-11f0-be3e-c8cb9e320398','85829e49-01f6-4a1d-b77b-afc027937abe',1,'+14155550111','Golden Gate Bridge, San Francisco, CA','2025-02-16 16:00:00.000','2025-06-03 06:39:46.000'),('d48e22da-4077-11f0-be3e-c8cb9e320398','85829e49-01f6-4a1d-b77b-afc027937abe',1,'+56990000109','Parque Forestal, Centro, Santiago, Chile','2025-03-05 11:20:00.000','2025-06-03 06:39:46.000'),('d48e2767-4077-11f0-be3e-c8cb9e320398','85829e49-01f6-4a1d-b77b-afc027937abe',0,'+441910000110','Edinburgh Castle, Castlehill, Edinburgh, UK','2025-03-22 14:00:00.000','2025-06-03 06:39:46.000'),('d48e2c0c-4077-11f0-be3e-c8cb9e320398','85829e49-01f6-4a1d-b77b-afc027937abe',1,'+541120000111','Teatro Colón, Centro, Buenos Aires, Argentina','2025-04-09 10:00:00.000','2025-06-03 06:39:46.000'),('d48e30a7-4077-11f0-be3e-c8cb9e320398','85829e49-01f6-4a1d-b77b-afc027937abe',1,'+573800000112','Monserrate, Centro, Bogotá D.C., Colombia','2025-04-17 12:45:00.000','2025-06-03 06:39:46.000'),('d48e34e9-4077-11f0-be3e-c8cb9e320398','85829e49-01f6-4a1d-b77b-afc027937abe',0,'+491750000113','Cologne Cathedral, Altstadt-Nord, Colonia, Alemania','2025-04-25 17:00:00.000','2025-06-03 06:39:46.000'),('d48e3973-4077-11f0-be3e-c8cb9e320398','85829e49-01f6-4a1d-b77b-afc027937abe',1,'+819050000114','Mount Fuji, Shizuoka/Yamanashi, Japan','2025-04-30 21:00:00.000','2025-06-03 06:39:46.000'),('d48e3dcd-4077-11f0-be3e-c8cb9e320398','85829e49-01f6-4a1d-b77b-afc027937abe',1,'+61480000115','Great Barrier Reef, Queensland, Australia','2025-01-02 09:00:00.000','2025-06-03 06:39:46.000'),('e6e7c0c2-4077-11f0-be3e-c8cb9e320398','85829e49-01f6-4a1d-b77b-afc027937abe',1,'+525590000116','Calle Fresno 10, Colonia La Floresta, San Luis Potosí, México','2025-01-11 12:00:00.000','2025-06-03 06:40:16.000'),('e6e7cd84-4077-11f0-be3e-c8cb9e320398','85829e49-01f6-4a1d-b77b-afc027937abe',0,'+34680000117','Calle Mayor 80, Casco Antiguo, Zaragoza, España','2025-01-29 16:00:00.000','2025-06-03 06:40:16.000'),('e6e7d656-4077-11f0-be3e-c8cb9e320398','85829e49-01f6-4a1d-b77b-afc027937abe',1,'+12015550112','High Line, Chelsea, New York, NY','2025-02-04 09:30:00.000','2025-06-03 06:40:16.000'),('e6e7dd4e-4077-11f0-be3e-c8cb9e320398','85829e49-01f6-4a1d-b77b-afc027937abe',1,'+56900000119','Barrio Bellavista, Providencia, Santiago, Chile','2025-02-23 17:00:00.000','2025-06-03 06:40:16.000'),('e6e7e4fd-4077-11f0-be3e-c8cb9e320398','85829e49-01f6-4a1d-b77b-afc027937abe',0,'+44720000120','Stonehenge, Salisbury, Wiltshire, UK','2025-03-11 12:30:00.000','2025-06-03 06:40:16.000'),('e6e7eb03-4077-11f0-be3e-c8cb9e320398','85829e49-01f6-4a1d-b77b-afc027937abe',1,'+541130000121','Puerto Madero, Buenos Aires, Argentina','2025-03-28 15:00:00.000','2025-06-03 06:40:16.000'),('e6e7f3f2-4077-11f0-be3e-c8cb9e320398','85829e49-01f6-4a1d-b77b-afc027937abe',1,'+573900000122','Zona Rosa, Chapinero, Bogotá D.C., Colombia','2025-04-08 11:00:00.000','2025-06-03 06:40:16.000'),('e6e81651-4077-11f0-be3e-c8cb9e320398','85829e49-01f6-4a1d-b77b-afc027937abe',0,'+491760000123','Gendarmenmarkt, Mitte, Berlin, Alemania','2025-04-22 14:30:00.000','2025-06-03 06:40:16.000'),('e6e82576-4077-11f0-be3e-c8cb9e320398','85829e49-01f6-4a1d-b77b-afc027937abe',1,'+819060000124','Senso-ji Temple, Taito City, Tokyo, Japan','2025-04-29 20:00:00.000','2025-06-03 06:40:16.000'),('e6e82bb5-4077-11f0-be3e-c8cb9e320398','85829e49-01f6-4a1d-b77b-afc027937abe',1,'+61490000125','Blue Mountains, Katoomba, NSW, Australia','2025-05-01 08:30:00.000','2025-06-03 06:40:16.000'),('e6e83111-4077-11f0-be3e-c8cb9e320398','85829e49-01f6-4a1d-b77b-afc027937abe',1,'+528150000126','Museo Soumaya, Nuevo Polanco, Ciudad de México','2025-01-01 10:00:00.000','2025-06-03 06:40:16.000'),('e6e835ec-4077-11f0-be3e-c8cb9e320398','85829e49-01f6-4a1d-b77b-afc027937abe',0,'+34960000127','Alhambra, Granada, España','2025-01-19 11:00:00.000','2025-06-03 06:40:16.000'),('e6e83a74-4077-11f0-be3e-c8cb9e320398','85829e49-01f6-4a1d-b77b-afc027937abe',1,'+16315550113','Coney Island, Brooklyn, New York, NY','2025-02-07 15:00:00.000','2025-06-03 06:40:16.000'),('e6e83f08-4077-11f0-be3e-c8cb9e320398','85829e49-01f6-4a1d-b77b-afc027937abe',1,'+56910000129','Valle de la Luna, San Pedro de Atacama, Chile','2025-02-26 10:00:00.000','2025-06-03 06:40:16.000'),('e6e84338-4077-11f0-be3e-c8cb9e320398','85829e49-01f6-4a1d-b77b-afc027937abe',0,'+442030000130','Windsor Great Park, Old Windsor, Berkshire, UK','2025-03-12 13:00:00.000','2025-06-03 06:40:16.000'),('e6e84750-4077-11f0-be3e-c8cb9e320398','85829e49-01f6-4a1d-b77b-afc027937abe',1,'+541140000131','La Recoleta Cemetery, Recoleta, Buenos Aires, Argentina','2025-03-29 09:00:00.000','2025-06-03 06:40:16.000'),('e6e84b96-4077-11f0-be3e-c8cb9e320398','85829e49-01f6-4a1d-b77b-afc027937abe',1,'+573100000132','Castillo de San Felipe de Barajas, Cartagena, Colombia','2025-04-10 11:00:00.000','2025-06-03 06:40:16.000'),('e6e85003-4077-11f0-be3e-c8cb9e320398','85829e49-01f6-4a1d-b77b-afc027937abe',0,'+491770000133','Neuschwanstein Castle, Schwangau, Baviera, Alemania','2025-04-23 15:00:00.000','2025-06-03 06:40:16.000'),('e6e853f7-4077-11f0-be3e-c8cb9e320398','85829e49-01f6-4a1d-b77b-afc027937abe',1,'+819070000134','Todai-ji Temple, Nara, Japan','2025-04-28 18:00:00.000','2025-06-03 06:40:16.000'),('e6e85839-4077-11f0-be3e-c8cb9e320398','85829e49-01f6-4a1d-b77b-afc027937abe',1,'+614910000135','Uluru-Kata Tjuta National Park, Northern Territory, Australia','2025-01-03 08:30:00.000','2025-06-03 06:40:16.000');
/*!40000 ALTER TABLE `Order` ENABLE KEYS */;
UNLOCK TABLES;

--
-- Table structure for table `OrderItem`
--

DROP TABLE IF EXISTS `OrderItem`;
/*!40101 SET @saved_cs_client     = @@character_set_client */;
/*!50503 SET character_set_client = utf8mb4 */;
CREATE TABLE `OrderItem` (
  `id` varchar(191) COLLATE utf8mb4_unicode_ci NOT NULL,
  `orderId` varchar(191) COLLATE utf8mb4_unicode_ci NOT NULL,
  `productId` varchar(191) COLLATE utf8mb4_unicode_ci NOT NULL,
  PRIMARY KEY (`id`),
  KEY `OrderItem_orderId_idx` (`orderId`),
  KEY `OrderItem_productId_idx` (`productId`)
) ENGINE=InnoDB DEFAULT CHARSET=utf8mb4 COLLATE=utf8mb4_unicode_ci;
/*!40101 SET character_set_client = @saved_cs_client */;

--
-- Dumping data for table `OrderItem`
--

LOCK TABLES `OrderItem` WRITE;
/*!40000 ALTER TABLE `OrderItem` DISABLE KEYS */;
INSERT INTO `OrderItem` VALUES ('4023b376-4077-11f0-be3e-c8cb9e320398','3fdfb62e-4077-11f0-be3e-c8cb9e320398','678fd0f8-4070-11f0-be3e-c8cb9e320398'),('4023b9c0-4077-11f0-be3e-c8cb9e320398','3fdfbc00-4077-11f0-be3e-c8cb9e320398','a167f1bd-4070-11f0-be3e-c8cb9e320398'),('4023bc4e-4077-11f0-be3e-c8cb9e320398','3fdfc00d-4077-11f0-be3e-c8cb9e320398','a167f3e3-4070-11f0-be3e-c8cb9e320398'),('4023becf-4077-11f0-be3e-c8cb9e320398','3fdfc3fc-4077-11f0-be3e-c8cb9e320398','a167f543-4070-11f0-be3e-c8cb9e320398'),('4023c160-4077-11f0-be3e-c8cb9e320398','3fdfc80a-4077-11f0-be3e-c8cb9e320398','a167f696-4070-11f0-be3e-c8cb9e320398'),('4023c3a6-4077-11f0-be3e-c8cb9e320398','3fdfcc04-4077-11f0-be3e-c8cb9e320398','a167f7fe-4070-11f0-be3e-c8cb9e320398'),('4023c5dd-4077-11f0-be3e-c8cb9e320398','3fdfcfbf-4077-11f0-be3e-c8cb9e320398','a167f949-4070-11f0-be3e-c8cb9e320398'),('4023c832-4077-11f0-be3e-c8cb9e320398','3fdfd2c3-4077-11f0-be3e-c8cb9e320398','a167ffb2-4070-11f0-be3e-c8cb9e320398'),('4023ca79-4077-11f0-be3e-c8cb9e320398','3fdfd5c8-4077-11f0-be3e-c8cb9e320398','a16800f7-4070-11f0-be3e-c8cb9e320398'),('4023ccec-4077-11f0-be3e-c8cb9e320398','3fdfd915-4077-11f0-be3e-c8cb9e320398','a1680270-4070-11f0-be3e-c8cb9e320398'),('5d35b2a5-4077-11f0-be3e-c8cb9e320398','5ce762b6-4077-11f0-be3e-c8cb9e320398','a81066e4-4074-11f0-be3e-c8cb9e320398'),('5d35b88d-4077-11f0-be3e-c8cb9e320398','5ce78642-4077-11f0-be3e-c8cb9e320398','a810713c-4074-11f0-be3e-c8cb9e320398'),('5d35b970-4077-11f0-be3e-c8cb9e320398','5ce7acc8-4077-11f0-be3e-c8cb9e320398','a8107498-4074-11f0-be3e-c8cb9e320398'),('5d35ba51-4077-11f0-be3e-c8cb9e320398','5ce7c9d2-4077-11f0-be3e-c8cb9e320398','a810769d-4074-11f0-be3e-c8cb9e320398'),('5d35bb58-4077-11f0-be3e-c8cb9e320398','5ce7e2bf-4077-11f0-be3e-c8cb9e320398','a811cf1b-4074-11f0-be3e-c8cb9e320398'),('5d35bc17-4077-11f0-be3e-c8cb9e320398','5ce7fbb3-4077-11f0-be3e-c8cb9e320398','a811d192-4074-11f0-be3e-c8cb9e320398'),('5d35bcc5-4077-11f0-be3e-c8cb9e320398','5ce80727-4077-11f0-be3e-c8cb9e320398','6600e19d-4074-11f0-be3e-c8cb9e320398'),('5d35bd82-4077-11f0-be3e-c8cb9e320398','5ce82cdf-4077-11f0-be3e-c8cb9e320398','6600e42a-4074-11f0-be3e-c8cb9e320398'),('5d35be62-4077-11f0-be3e-c8cb9e320398','5ce86eac-4077-11f0-be3e-c8cb9e320398','66016dd2-4074-11f0-be3e-c8cb9e320398'),('5d35bf7c-4077-11f0-be3e-c8cb9e320398','5ce88c07-4077-11f0-be3e-c8cb9e320398','660170f1-4074-11f0-be3e-c8cb9e320398'),('5d35c06d-4077-11f0-be3e-c8cb9e320398','5ce8ac5c-4077-11f0-be3e-c8cb9e320398','660173df-4074-11f0-be3e-c8cb9e320398'),('5d35c141-4077-11f0-be3e-c8cb9e320398','5ce92d00-4077-11f0-be3e-c8cb9e320398','6601764e-4074-11f0-be3e-c8cb9e320398'),('5d35c1ef-4077-11f0-be3e-c8cb9e320398','5ce94e27-4077-11f0-be3e-c8cb9e320398','66017911-4074-11f0-be3e-c8cb9e320398'),('5d35c2b4-4077-11f0-be3e-c8cb9e320398','5ce97969-4077-11f0-be3e-c8cb9e320398','66017b62-4074-11f0-be3e-c8cb9e320398'),('5d35c3b6-4077-11f0-be3e-c8cb9e320398','5ce9b119-4077-11f0-be3e-c8cb9e320398','a167ecb3-4070-11f0-be3e-c8cb9e320398'),('6a32bea6-4077-11f0-be3e-c8cb9e320398','69d4ba08-4077-11f0-be3e-c8cb9e320398','a81066e4-4074-11f0-be3e-c8cb9e320398'),('6a32c756-4077-11f0-be3e-c8cb9e320398','69d4c023-4077-11f0-be3e-c8cb9e320398','a8106e33-4074-11f0-be3e-c8cb9e320398'),('6a32ca9b-4077-11f0-be3e-c8cb9e320398','69d4c5ce-4077-11f0-be3e-c8cb9e320398','a810713c-4074-11f0-be3e-c8cb9e320398'),('6a32cd3c-4077-11f0-be3e-c8cb9e320398','69d4ca85-4077-11f0-be3e-c8cb9e320398','a8107498-4074-11f0-be3e-c8cb9e320398'),('6a32cfa4-4077-11f0-be3e-c8cb9e320398','69d4d078-4077-11f0-be3e-c8cb9e320398','a810769d-4074-11f0-be3e-c8cb9e320398'),('6a32d21c-4077-11f0-be3e-c8cb9e320398','69d4d846-4077-11f0-be3e-c8cb9e320398','a811cf1b-4074-11f0-be3e-c8cb9e320398'),('6a32d4e3-4077-11f0-be3e-c8cb9e320398','69d4e174-4077-11f0-be3e-c8cb9e320398','a811d192-4074-11f0-be3e-c8cb9e320398'),('6a32d75c-4077-11f0-be3e-c8cb9e320398','69d4f08b-4077-11f0-be3e-c8cb9e320398','6600d69e-4074-11f0-be3e-c8cb9e320398'),('6a32d8fd-4077-11f0-be3e-c8cb9e320398','69d4fab6-4077-11f0-be3e-c8cb9e320398','6600defa-4074-11f0-be3e-c8cb9e320398'),('6a32da95-4077-11f0-be3e-c8cb9e320398','69d5020c-4077-11f0-be3e-c8cb9e320398','6600e19d-4074-11f0-be3e-c8cb9e320398'),('6a32dc2c-4077-11f0-be3e-c8cb9e320398','69d50899-4077-11f0-be3e-c8cb9e320398','6600e42a-4074-11f0-be3e-c8cb9e320398'),('6a32ddb0-4077-11f0-be3e-c8cb9e320398','69d50f59-4077-11f0-be3e-c8cb9e320398','66016dd2-4074-11f0-be3e-c8cb9e320398'),('6a32df3e-4077-11f0-be3e-c8cb9e320398','69d513ad-4077-11f0-be3e-c8cb9e320398','660170f1-4074-11f0-be3e-c8cb9e320398'),('6a32e0d3-4077-11f0-be3e-c8cb9e320398','69d5178f-4077-11f0-be3e-c8cb9e320398','660173df-4074-11f0-be3e-c8cb9e320398'),('6a32e25e-4077-11f0-be3e-c8cb9e320398','69d51b96-4077-11f0-be3e-c8cb9e320398','6601764e-4074-11f0-be3e-c8cb9e320398'),('826b3b80-4076-11f0-be3e-c8cb9e320398','82056ce2-4076-11f0-be3e-c8cb9e320398','4e0f6de2-abad-493c-b3a2-b1b3b31eb83f'),('826b3e12-4076-11f0-be3e-c8cb9e320398','82056ce2-4076-11f0-be3e-c8cb9e320398','a167f543-4070-11f0-be3e-c8cb9e320398'),('826b3efc-4076-11f0-be3e-c8cb9e320398','82056ce2-4076-11f0-be3e-c8cb9e320398','67918ddc-4070-11f0-be3e-c8cb9e320398'),('826b3f9b-4076-11f0-be3e-c8cb9e320398','8205733f-4076-11f0-be3e-c8cb9e320398','6600d69e-4074-11f0-be3e-c8cb9e320398'),('826b400f-4076-11f0-be3e-c8cb9e320398','8205733f-4076-11f0-be3e-c8cb9e320398','6600e19d-4074-11f0-be3e-c8cb9e320398'),('826b4081-4076-11f0-be3e-c8cb9e320398','8205733f-4076-11f0-be3e-c8cb9e320398','a16800f7-4070-11f0-be3e-c8cb9e320398'),('826b40ef-4076-11f0-be3e-c8cb9e320398','82057746-4076-11f0-be3e-c8cb9e320398','678fd0f8-4070-11f0-be3e-c8cb9e320398'),('826b415a-4076-11f0-be3e-c8cb9e320398','82057746-4076-11f0-be3e-c8cb9e320398','a8106e33-4074-11f0-be3e-c8cb9e320398'),('826b4237-4076-11f0-be3e-c8cb9e320398','82057746-4076-11f0-be3e-c8cb9e320398','a167f696-4070-11f0-be3e-c8cb9e320398'),('826b42b6-4076-11f0-be3e-c8cb9e320398','82057ace-4076-11f0-be3e-c8cb9e320398','6791879b-4070-11f0-be3e-c8cb9e320398'),('826b4321-4076-11f0-be3e-c8cb9e320398','82057ace-4076-11f0-be3e-c8cb9e320398','a8107498-4074-11f0-be3e-c8cb9e320398'),('826b4396-4076-11f0-be3e-c8cb9e320398','82057ea0-4076-11f0-be3e-c8cb9e320398','66017b62-4074-11f0-be3e-c8cb9e320398'),('826b4401-4076-11f0-be3e-c8cb9e320398','82057ea0-4076-11f0-be3e-c8cb9e320398','6601764e-4074-11f0-be3e-c8cb9e320398'),('826b4476-4076-11f0-be3e-c8cb9e320398','82057ea0-4076-11f0-be3e-c8cb9e320398','a167f949-4070-11f0-be3e-c8cb9e320398'),('8475b87d-4077-11f0-be3e-c8cb9e320398','841510af-4077-11f0-be3e-c8cb9e320398','66017911-4074-11f0-be3e-c8cb9e320398'),('8475bb7c-4077-11f0-be3e-c8cb9e320398','84151764-4077-11f0-be3e-c8cb9e320398','66017b62-4074-11f0-be3e-c8cb9e320398'),('8475bc2a-4077-11f0-be3e-c8cb9e320398','84151ccf-4077-11f0-be3e-c8cb9e320398','678fd0f8-4070-11f0-be3e-c8cb9e320398'),('8475bcac-4077-11f0-be3e-c8cb9e320398','84152177-4077-11f0-be3e-c8cb9e320398','678fdce1-4070-11f0-be3e-c8cb9e320398'),('8475bd28-4077-11f0-be3e-c8cb9e320398','84152745-4077-11f0-be3e-c8cb9e320398','678fe37e-4070-11f0-be3e-c8cb9e320398'),('8475bda3-4077-11f0-be3e-c8cb9e320398','84152c0a-4077-11f0-be3e-c8cb9e320398','678fe7f5-4070-11f0-be3e-c8cb9e320398'),('8475be17-4077-11f0-be3e-c8cb9e320398','84153073-4077-11f0-be3e-c8cb9e320398','6791879b-4070-11f0-be3e-c8cb9e320398'),('8475be89-4077-11f0-be3e-c8cb9e320398','8415351d-4077-11f0-be3e-c8cb9e320398','67918a17-4070-11f0-be3e-c8cb9e320398'),('8475bf10-4077-11f0-be3e-c8cb9e320398','841539aa-4077-11f0-be3e-c8cb9e320398','67918b9c-4070-11f0-be3e-c8cb9e320398'),('8475bf8a-4077-11f0-be3e-c8cb9e320398','84153ecf-4077-11f0-be3e-c8cb9e320398','67918ddc-4070-11f0-be3e-c8cb9e320398'),('8475bfff-4077-11f0-be3e-c8cb9e320398','841543a9-4077-11f0-be3e-c8cb9e320398','67918f5f-4070-11f0-be3e-c8cb9e320398'),('8475c196-4077-11f0-be3e-c8cb9e320398','841547d4-4077-11f0-be3e-c8cb9e320398','679193d1-4070-11f0-be3e-c8cb9e320398'),('8475c213-4077-11f0-be3e-c8cb9e320398','84154edc-4077-11f0-be3e-c8cb9e320398','a167ecb3-4070-11f0-be3e-c8cb9e320398'),('8475c2bd-4077-11f0-be3e-c8cb9e320398','8415552d-4077-11f0-be3e-c8cb9e320398','a167f1bd-4070-11f0-be3e-c8cb9e320398'),('8475c34a-4077-11f0-be3e-c8cb9e320398','841559f0-4077-11f0-be3e-c8cb9e320398','a167f3e3-4070-11f0-be3e-c8cb9e320398'),('99f6a728-4077-11f0-be3e-c8cb9e320398','99752a3d-4077-11f0-be3e-c8cb9e320398','a167f543-4070-11f0-be3e-c8cb9e320398'),('99f6af05-4077-11f0-be3e-c8cb9e320398','99752f1c-4077-11f0-be3e-c8cb9e320398','a167f696-4070-11f0-be3e-c8cb9e320398'),('99f6b145-4077-11f0-be3e-c8cb9e320398','9975337b-4077-11f0-be3e-c8cb9e320398','a167f7fe-4070-11f0-be3e-c8cb9e320398'),('99f6b34b-4077-11f0-be3e-c8cb9e320398','9975382d-4077-11f0-be3e-c8cb9e320398','a167f949-4070-11f0-be3e-c8cb9e320398'),('99f6b593-4077-11f0-be3e-c8cb9e320398','99753c87-4077-11f0-be3e-c8cb9e320398','a167ffb2-4070-11f0-be3e-c8cb9e320398'),('99f6b777-4077-11f0-be3e-c8cb9e320398','997540fa-4077-11f0-be3e-c8cb9e320398','a16800f7-4070-11f0-be3e-c8cb9e320398'),('99f6b966-4077-11f0-be3e-c8cb9e320398','99754595-4077-11f0-be3e-c8cb9e320398','a1680270-4070-11f0-be3e-c8cb9e320398'),('99f6bb6a-4077-11f0-be3e-c8cb9e320398','99754a6c-4077-11f0-be3e-c8cb9e320398','a81066e4-4074-11f0-be3e-c8cb9e320398'),('99f6c1af-4077-11f0-be3e-c8cb9e320398','99754f01-4077-11f0-be3e-c8cb9e320398','a8106e33-4074-11f0-be3e-c8cb9e320398'),('99f6c3bf-4077-11f0-be3e-c8cb9e320398','9975539f-4077-11f0-be3e-c8cb9e320398','a810713c-4074-11f0-be3e-c8cb9e320398'),('99f6c622-4077-11f0-be3e-c8cb9e320398','99755814-4077-11f0-be3e-c8cb9e320398','a8107498-4074-11f0-be3e-c8cb9e320398'),('99f6c821-4077-11f0-be3e-c8cb9e320398','99755cc7-4077-11f0-be3e-c8cb9e320398','a810769d-4074-11f0-be3e-c8cb9e320398'),('99f6ca05-4077-11f0-be3e-c8cb9e320398','9975615f-4077-11f0-be3e-c8cb9e320398','a811cf1b-4074-11f0-be3e-c8cb9e320398'),('99f6cc5a-4077-11f0-be3e-c8cb9e320398','997565e6-4077-11f0-be3e-c8cb9e320398','a811d192-4074-11f0-be3e-c8cb9e320398'),('99f6ce49-4077-11f0-be3e-c8cb9e320398','99756acb-4077-11f0-be3e-c8cb9e320398','66017911-4074-11f0-be3e-c8cb9e320398'),('bd8244d0-4077-11f0-be3e-c8cb9e320398','bd44a0c1-4077-11f0-be3e-c8cb9e320398','66017b62-4074-11f0-be3e-c8cb9e320398'),('bd8247d0-4077-11f0-be3e-c8cb9e320398','bd44a728-4077-11f0-be3e-c8cb9e320398','678fd0f8-4070-11f0-be3e-c8cb9e320398'),('bd824886-4077-11f0-be3e-c8cb9e320398','bd44acbc-4077-11f0-be3e-c8cb9e320398','678fdce1-4070-11f0-be3e-c8cb9e320398'),('bd824902-4077-11f0-be3e-c8cb9e320398','bd44b0bb-4077-11f0-be3e-c8cb9e320398','678fe37e-4070-11f0-be3e-c8cb9e320398'),('bd82497f-4077-11f0-be3e-c8cb9e320398','bd44b488-4077-11f0-be3e-c8cb9e320398','678fe7f5-4070-11f0-be3e-c8cb9e320398'),('bd8249f6-4077-11f0-be3e-c8cb9e320398','bd44b9ab-4077-11f0-be3e-c8cb9e320398','6791879b-4070-11f0-be3e-c8cb9e320398'),('bd824a7d-4077-11f0-be3e-c8cb9e320398','bd44be62-4077-11f0-be3e-c8cb9e320398','67918a17-4070-11f0-be3e-c8cb9e320398'),('bd824af6-4077-11f0-be3e-c8cb9e320398','bd44c39c-4077-11f0-be3e-c8cb9e320398','67918b9c-4070-11f0-be3e-c8cb9e320398'),('bd824b61-4077-11f0-be3e-c8cb9e320398','bd44cd04-4077-11f0-be3e-c8cb9e320398','67918ddc-4070-11f0-be3e-c8cb9e320398'),('bd824bee-4077-11f0-be3e-c8cb9e320398','bd44d41e-4077-11f0-be3e-c8cb9e320398','67918f5f-4070-11f0-be3e-c8cb9e320398'),('bd824c65-4077-11f0-be3e-c8cb9e320398','bd44d903-4077-11f0-be3e-c8cb9e320398','679193d1-4070-11f0-be3e-c8cb9e320398'),('bd824ce1-4077-11f0-be3e-c8cb9e320398','bd44de93-4077-11f0-be3e-c8cb9e320398','a167ecb3-4070-11f0-be3e-c8cb9e320398'),('bd824d56-4077-11f0-be3e-c8cb9e320398','bd44e46b-4077-11f0-be3e-c8cb9e320398','a167f1bd-4070-11f0-be3e-c8cb9e320398'),('bd824dd0-4077-11f0-be3e-c8cb9e320398','bd44e8b2-4077-11f0-be3e-c8cb9e320398','a167f3e3-4070-11f0-be3e-c8cb9e320398'),('bd824e47-4077-11f0-be3e-c8cb9e320398','bd44ed11-4077-11f0-be3e-c8cb9e320398','a167f543-4070-11f0-be3e-c8cb9e320398'),('bd824ec4-4077-11f0-be3e-c8cb9e320398','bd44f11c-4077-11f0-be3e-c8cb9e320398','a167f696-4070-11f0-be3e-c8cb9e320398'),('bd824f3d-4077-11f0-be3e-c8cb9e320398','bd44f4db-4077-11f0-be3e-c8cb9e320398','a167f7fe-4070-11f0-be3e-c8cb9e320398'),('bd824fb6-4077-11f0-be3e-c8cb9e320398','bd44f8b2-4077-11f0-be3e-c8cb9e320398','a167f949-4070-11f0-be3e-c8cb9e320398'),('bd825034-4077-11f0-be3e-c8cb9e320398','bd44fc8b-4077-11f0-be3e-c8cb9e320398','a167ffb2-4070-11f0-be3e-c8cb9e320398'),('bd8250ae-4077-11f0-be3e-c8cb9e320398','bd45008b-4077-11f0-be3e-c8cb9e320398','a16800f7-4070-11f0-be3e-c8cb9e320398'),('d4e2e6ef-4077-11f0-be3e-c8cb9e320398','d48d9404-4077-11f0-be3e-c8cb9e320398','a1680270-4070-11f0-be3e-c8cb9e320398'),('d4e2ea6a-4077-11f0-be3e-c8cb9e320398','d48da5d4-4077-11f0-be3e-c8cb9e320398','a81066e4-4074-11f0-be3e-c8cb9e320398'),('d4e2eb1e-4077-11f0-be3e-c8cb9e320398','d48db3ea-4077-11f0-be3e-c8cb9e320398','a8106e33-4074-11f0-be3e-c8cb9e320398'),('d4e2ebab-4077-11f0-be3e-c8cb9e320398','d48dc6bc-4077-11f0-be3e-c8cb9e320398','a810713c-4074-11f0-be3e-c8cb9e320398'),('d4e2ec44-4077-11f0-be3e-c8cb9e320398','d48dcf63-4077-11f0-be3e-c8cb9e320398','a8107498-4074-11f0-be3e-c8cb9e320398'),('d4e2ecd0-4077-11f0-be3e-c8cb9e320398','d48dd9c6-4077-11f0-be3e-c8cb9e320398','a810769d-4074-11f0-be3e-c8cb9e320398'),('d4e2ed57-4077-11f0-be3e-c8cb9e320398','d48de23d-4077-11f0-be3e-c8cb9e320398','a811cf1b-4074-11f0-be3e-c8cb9e320398'),('d4e2ede3-4077-11f0-be3e-c8cb9e320398','d48defb9-4077-11f0-be3e-c8cb9e320398','a811d192-4074-11f0-be3e-c8cb9e320398'),('d4e2ee6c-4077-11f0-be3e-c8cb9e320398','d48e01e6-4077-11f0-be3e-c8cb9e320398','6600d69e-4074-11f0-be3e-c8cb9e320398'),('d4e2ef06-4077-11f0-be3e-c8cb9e320398','d48e0b84-4077-11f0-be3e-c8cb9e320398','6600defa-4074-11f0-be3e-c8cb9e320398'),('d4e2ef81-4077-11f0-be3e-c8cb9e320398','d48e12de-4077-11f0-be3e-c8cb9e320398','6600e19d-4074-11f0-be3e-c8cb9e320398'),('d4e2f011-4077-11f0-be3e-c8cb9e320398','d48e1965-4077-11f0-be3e-c8cb9e320398','6600e42a-4074-11f0-be3e-c8cb9e320398'),('d4e2f09d-4077-11f0-be3e-c8cb9e320398','d48e1e1f-4077-11f0-be3e-c8cb9e320398','66016dd2-4074-11f0-be3e-c8cb9e320398'),('d4e2f183-4077-11f0-be3e-c8cb9e320398','d48e22da-4077-11f0-be3e-c8cb9e320398','660170f1-4074-11f0-be3e-c8cb9e320398'),('d4e4a655-4077-11f0-be3e-c8cb9e320398','d48e2767-4077-11f0-be3e-c8cb9e320398','660173df-4074-11f0-be3e-c8cb9e320398'),('d4e4a768-4077-11f0-be3e-c8cb9e320398','d48e2c0c-4077-11f0-be3e-c8cb9e320398','6601764e-4074-11f0-be3e-c8cb9e320398'),('d4e4a992-4077-11f0-be3e-c8cb9e320398','d48e30a7-4077-11f0-be3e-c8cb9e320398','66017911-4074-11f0-be3e-c8cb9e320398'),('d4e4aa25-4077-11f0-be3e-c8cb9e320398','d48e34e9-4077-11f0-be3e-c8cb9e320398','66017b62-4074-11f0-be3e-c8cb9e320398'),('d4e4aac1-4077-11f0-be3e-c8cb9e320398','d48e3973-4077-11f0-be3e-c8cb9e320398','678fd0f8-4070-11f0-be3e-c8cb9e320398'),('d4e4ab4d-4077-11f0-be3e-c8cb9e320398','d48e3dcd-4077-11f0-be3e-c8cb9e320398','678fdce1-4070-11f0-be3e-c8cb9e320398'),('e7420d1b-4077-11f0-be3e-c8cb9e320398','d48d9404-4077-11f0-be3e-c8cb9e320398','a1680270-4070-11f0-be3e-c8cb9e320398'),('e742109c-4077-11f0-be3e-c8cb9e320398','d48da5d4-4077-11f0-be3e-c8cb9e320398','a81066e4-4074-11f0-be3e-c8cb9e320398'),('e7421149-4077-11f0-be3e-c8cb9e320398','d48db3ea-4077-11f0-be3e-c8cb9e320398','a8106e33-4074-11f0-be3e-c8cb9e320398'),('e74211cd-4077-11f0-be3e-c8cb9e320398','d48dc6bc-4077-11f0-be3e-c8cb9e320398','a810713c-4074-11f0-be3e-c8cb9e320398'),('e7421254-4077-11f0-be3e-c8cb9e320398','d48dcf63-4077-11f0-be3e-c8cb9e320398','a8107498-4074-11f0-be3e-c8cb9e320398'),('e74212da-4077-11f0-be3e-c8cb9e320398','d48dd9c6-4077-11f0-be3e-c8cb9e320398','a810769d-4074-11f0-be3e-c8cb9e320398'),('e7421365-4077-11f0-be3e-c8cb9e320398','d48de23d-4077-11f0-be3e-c8cb9e320398','a811cf1b-4074-11f0-be3e-c8cb9e320398'),('e74213e3-4077-11f0-be3e-c8cb9e320398','d48defb9-4077-11f0-be3e-c8cb9e320398','a811d192-4074-11f0-be3e-c8cb9e320398'),('e742146a-4077-11f0-be3e-c8cb9e320398','d48e01e6-4077-11f0-be3e-c8cb9e320398','6600d69e-4074-11f0-be3e-c8cb9e320398'),('e74214f5-4077-11f0-be3e-c8cb9e320398','d48e0b84-4077-11f0-be3e-c8cb9e320398','6600defa-4074-11f0-be3e-c8cb9e320398'),('e7421593-4077-11f0-be3e-c8cb9e320398','d48e12de-4077-11f0-be3e-c8cb9e320398','6600e19d-4074-11f0-be3e-c8cb9e320398'),('e742161e-4077-11f0-be3e-c8cb9e320398','d48e1965-4077-11f0-be3e-c8cb9e320398','6600e42a-4074-11f0-be3e-c8cb9e320398'),('e742169f-4077-11f0-be3e-c8cb9e320398','d48e1e1f-4077-11f0-be3e-c8cb9e320398','66016dd2-4074-11f0-be3e-c8cb9e320398'),('e7421722-4077-11f0-be3e-c8cb9e320398','d48e22da-4077-11f0-be3e-c8cb9e320398','660170f1-4074-11f0-be3e-c8cb9e320398'),('e74217ec-4077-11f0-be3e-c8cb9e320398','d48e2767-4077-11f0-be3e-c8cb9e320398','660173df-4074-11f0-be3e-c8cb9e320398'),('e7421b54-4077-11f0-be3e-c8cb9e320398','d48e2c0c-4077-11f0-be3e-c8cb9e320398','6601764e-4074-11f0-be3e-c8cb9e320398'),('e7421bd9-4077-11f0-be3e-c8cb9e320398','d48e30a7-4077-11f0-be3e-c8cb9e320398','66017911-4074-11f0-be3e-c8cb9e320398'),('e7421c55-4077-11f0-be3e-c8cb9e320398','d48e34e9-4077-11f0-be3e-c8cb9e320398','66017b62-4074-11f0-be3e-c8cb9e320398'),('e7421d37-4077-11f0-be3e-c8cb9e320398','d48e3973-4077-11f0-be3e-c8cb9e320398','678fd0f8-4070-11f0-be3e-c8cb9e320398'),('e7421dcd-4077-11f0-be3e-c8cb9e320398','d48e3dcd-4077-11f0-be3e-c8cb9e320398','678fdce1-4070-11f0-be3e-c8cb9e320398');
/*!40000 ALTER TABLE `OrderItem` ENABLE KEYS */;
UNLOCK TABLES;

--
-- Table structure for table `Product`
--

DROP TABLE IF EXISTS `Product`;
/*!40101 SET @saved_cs_client     = @@character_set_client */;
/*!50503 SET character_set_client = utf8mb4 */;
CREATE TABLE `Product` (
  `id` varchar(191) COLLATE utf8mb4_unicode_ci NOT NULL,
  `storeId` varchar(191) COLLATE utf8mb4_unicode_ci NOT NULL,
  `categoryId` varchar(191) COLLATE utf8mb4_unicode_ci NOT NULL,
  `supplierId` varchar(191) COLLATE utf8mb4_unicode_ci DEFAULT NULL,
  `name` varchar(191) COLLATE utf8mb4_unicode_ci NOT NULL,
  `slug` varchar(191) COLLATE utf8mb4_unicode_ci DEFAULT NULL,
  `sku` varchar(191) COLLATE utf8mb4_unicode_ci DEFAULT NULL,
  `description` varchar(191) COLLATE utf8mb4_unicode_ci DEFAULT NULL,
  `price` decimal(65,30) NOT NULL,
  `comparePrice` decimal(65,30) DEFAULT NULL,
  `cost` decimal(65,30) DEFAULT NULL,
  `stock` int NOT NULL DEFAULT '0',
  `weight` decimal(65,30) DEFAULT NULL,
  `material` varchar(191) COLLATE utf8mb4_unicode_ci DEFAULT NULL,
  `countryOfOrigin` varchar(191) COLLATE utf8mb4_unicode_ci DEFAULT NULL,
  `isFeatured` tinyint(1) NOT NULL DEFAULT '0',
  `isArchived` tinyint(1) NOT NULL DEFAULT '0',
  `isConfigurable` tinyint(1) NOT NULL DEFAULT '0',
  `freeShipping` tinyint(1) NOT NULL DEFAULT '0',
  `taxClass` enum('standard','reduced','exempt') COLLATE utf8mb4_unicode_ci NOT NULL DEFAULT 'standard',
  `status` enum('draft','published','out_of_stock') COLLATE utf8mb4_unicode_ci NOT NULL DEFAULT 'draft',
  `publishedAt` datetime(3) NOT NULL DEFAULT CURRENT_TIMESTAMP(3),
  `expiresAt` datetime(3) DEFAULT NULL,
  `sizeId` varchar(191) COLLATE utf8mb4_unicode_ci NOT NULL,
  `colorId` varchar(191) COLLATE utf8mb4_unicode_ci NOT NULL,
  `videoUrl` varchar(191) COLLATE utf8mb4_unicode_ci DEFAULT NULL,
  `views` int NOT NULL DEFAULT '0',
  `sales` int NOT NULL DEFAULT '0',
  `createdAt` datetime(3) NOT NULL DEFAULT CURRENT_TIMESTAMP(3),
  `updatedAt` datetime(3) NOT NULL,
  PRIMARY KEY (`id`),
  KEY `Product_storeId_idx` (`storeId`),
  KEY `Product_categoryId_idx` (`categoryId`),
  KEY `Product_sizeId_idx` (`sizeId`),
  KEY `Product_colorId_idx` (`colorId`),
  KEY `Product_slug_idx` (`slug`),
  KEY `Product_sku_idx` (`sku`),
  KEY `Product_status_idx` (`status`),
  KEY `Product_supplierId_idx` (`supplierId`),
  KEY `Product_expiresAt_idx` (`expiresAt`),
  KEY `Product_countryOfOrigin_idx` (`countryOfOrigin`),
  KEY `Product_videoUrl_idx` (`videoUrl`),
  KEY `Product_isConfigurable_idx` (`isConfigurable`)
) ENGINE=InnoDB DEFAULT CHARSET=utf8mb4 COLLATE=utf8mb4_unicode_ci;
/*!40101 SET character_set_client = @saved_cs_client */;

--
-- Dumping data for table `Product`
--

LOCK TABLES `Product` WRITE;
/*!40000 ALTER TABLE `Product` DISABLE KEYS */;
INSERT INTO `Product` VALUES ('4e0f6de2-abad-493c-b3a2-b1b3b31eb83f','85829e49-01f6-4a1d-b77b-afc027937abe','e818dd87-4065-11f0-be3e-c8cb9e320398',NULL,'Lebron Jersey',NULL,NULL,NULL,390.000000000000000000000000000000,NULL,NULL,0,NULL,NULL,NULL,0,0,0,0,'standard','draft','2025-06-03 11:23:32.102',NULL,'e81d2b60-4065-11f0-be3e-c8cb9e320398','e81ecef0-4065-11f0-be3e-c8cb9e320398',NULL,0,0,'2025-06-03 11:23:32.102','2025-06-03 11:23:32.102'),('6600d69e-4074-11f0-be3e-c8cb9e320398','85829e49-01f6-4a1d-b77b-afc027937abe','e818d133-4065-11f0-be3e-c8cb9e320398','e89dc1f1-4065-11f0-be3e-c8cb9e320398','Sistema WiFi de Malla Tri-Banda MeshPro','sistema-wifi-malla-tri-banda-meshpro','ELE_RTR_081','Cubre cada rincón de tu hogar con una conexión WiFi 6 rápida y estable, sin zonas muertas.',280.000000000000000000000000000000,350.000000000000000000000000000000,190.000000000000000000000000000000,40,1.500000000000000000000000000000,'Plástico ABS','China',1,0,0,1,'standard','published','2025-06-03 06:15:12.019',NULL,'e81d2c37-4065-11f0-be3e-c8cb9e320398','e81ed07e-4065-11f0-be3e-c8cb9e320398','https://www.youtube.com/watch?v=meshpro_081',600,110,'2025-06-03 06:15:12.019','2025-06-03 06:15:12.019'),('6600defa-4074-11f0-be3e-c8cb9e320398','85829e49-01f6-4a1d-b77b-afc027937abe','e818da00-4065-11f0-be3e-c8cb9e320398','e89dc3de-4065-11f0-be3e-c8cb9e320398','Botas de Cuero Genuino Estilo Casual','botas-cuero-genuino-estilo-casual','ZPT_BTA_082','Durabilidad y estilo clásico para cualquier ocasión, hechas con cuero de primera calidad.',110.000000000000000000000000000000,140.000000000000000000000000000000,70.000000000000000000000000000000,80,1.200000000000000000000000000000,'Cuero y Goma','México',1,0,0,0,'standard','published','2025-06-03 06:15:12.019',NULL,'e81d2af7-4065-11f0-be3e-c8cb9e320398','e81ed01e-4065-11f0-be3e-c8cb9e320398',NULL,400,90,'2025-06-03 06:15:12.019','2025-06-03 06:15:12.019'),('6600e19d-4074-11f0-be3e-c8cb9e320398','85829e49-01f6-4a1d-b77b-afc027937abe','e818da90-4065-11f0-be3e-c8cb9e320398','e89dc6ce-4065-11f0-be3e-c8cb9e320398','Espejo de Pared Moderno con Iluminación LED','espejo-pared-moderno-iluminacion-led','HOG_ESP_083','Añade un toque de sofisticación a tu baño o dormitorio con luz integrada para maquillaje.',85.000000000000000000000000000000,100.000000000000000000000000000000,55.000000000000000000000000000000,50,5.000000000000000000000000000000,'Cristal y Aluminio','China',0,0,0,1,'standard','published','2025-06-03 06:15:12.019',NULL,'e81d2af7-4065-11f0-be3e-c8cb9e320398','e81ed07e-4065-11f0-be3e-c8cb9e320398',NULL,300,60,'2025-06-03 06:15:12.019','2025-06-03 06:15:12.019'),('6600e42a-4074-11f0-be3e-c8cb9e320398','85829e49-01f6-4a1d-b77b-afc027937abe','e818d133-4065-11f0-be3e-c8cb9e320398','e89dc1f1-4065-11f0-be3e-c8cb9e320398','Cámara de Acción Extreme Sport 4K Sumergible','camara-accion-extreme-sport-4k-sumergible','ELE_CAM_084','Captura tus aventuras más emocionantes en 4K con esta cámara resistente al agua.',140.000000000000000000000000000000,170.000000000000000000000000000000,90.000000000000000000000000000000,60,0.150000000000000000000000000000,'Plástico Resistente y Vidrio','China',1,0,0,0,'standard','published','2025-06-03 06:15:12.019',NULL,'e81d27c7-4065-11f0-be3e-c8cb9e320398','e81ed01e-4065-11f0-be3e-c8cb9e320398','https://www.youtube.com/watch?v=action_cam_084',500,100,'2025-06-03 06:15:12.019','2025-06-03 06:15:12.019'),('66016dd2-4074-11f0-be3e-c8cb9e320398','85829e49-01f6-4a1d-b77b-afc027937abe','e818db02-4065-11f0-be3e-c8cb9e320398','e89db599-4065-11f0-be3e-c8cb9e320398','Puzzle de 1000 Piezas: Paisaje de Montaña Zen','puzzle-1000-piezas-paisaje-montana-zen','JUG_PZL_085','Relájate y desafía tu mente con este hermoso puzzle de un paisaje natural.',18.000000000000000000000000000000,22.000000000000000000000000000000,10.000000000000000000000000000000,150,0.800000000000000000000000000000,'Cartón Reciclado','Polonia',0,0,0,0,'exempt','published','2025-06-03 06:15:12.019',NULL,'e81d2af7-4065-11f0-be3e-c8cb9e320398','e81ecdfd-4065-11f0-be3e-c8cb9e320398',NULL,150,30,'2025-06-03 06:15:12.019','2025-06-03 06:15:12.019'),('660170f1-4074-11f0-be3e-c8cb9e320398','85829e49-01f6-4a1d-b77b-afc027937abe','e818db80-4065-11f0-be3e-c8cb9e320398','e89dbf39-4065-11f0-be3e-c8cb9e320398','Bicicleta Estática de Spinning Profesional','bicicleta-estatica-spinning-profesional','DPT_BCE_086','Entrenamiento cardiovascular intenso desde casa, con resistencia ajustable y monitor digital.',250.000000000000000000000000000000,300.000000000000000000000000000000,160.000000000000000000000000000000,20,25.000000000000000000000000000000,'Acero y Plástico','China',1,0,0,1,'standard','published','2025-06-03 06:15:12.019',NULL,'e81d2bcc-4065-11f0-be3e-c8cb9e320398','e81ed01e-4065-11f0-be3e-c8cb9e320398','https://www.youtube.com/watch?v=spinning_bike_086',800,120,'2025-06-03 06:15:12.019','2025-06-03 06:15:12.019'),('660173df-4074-11f0-be3e-c8cb9e320398','85829e49-01f6-4a1d-b77b-afc027937abe','e818dc1c-4065-11f0-be3e-c8cb9e320398','e89db599-4065-11f0-be3e-c8cb9e320398','Kit de Maquillaje de Ojos \"Smoky Eyes\"','kit-maquillaje-ojos-smoky-eyes','BLZ_OJS_087','Todo lo que necesitas para crear un look de ojos ahumado perfecto.',32.000000000000000000000000000000,40.000000000000000000000000000000,18.000000000000000000000000000000,90,0.100000000000000000000000000000,'Polvos Compactos y Plástico','Estados Unidos',0,0,0,0,'exempt','published','2025-06-03 06:15:12.019',NULL,'e81d2c37-4065-11f0-be3e-c8cb9e320398','e81ed01e-4065-11f0-be3e-c8cb9e320398',NULL,200,40,'2025-06-03 06:15:12.019','2025-06-03 06:15:12.019'),('6601764e-4074-11f0-be3e-c8cb9e320398','85829e49-01f6-4a1d-b77b-afc027937abe','e818de77-4065-11f0-be3e-c8cb9e320398','e89dbf39-4065-11f0-be3e-c8cb9e320398','Jaula para Hámster Multipisos Completa','jaula-hamster-multipisos-completa','MSC_JGL_088','Hábitat ideal para tu hámster con túneles, ruedas y comederos incluidos.',45.000000000000000000000000000000,55.000000000000000000000000000000,28.000000000000000000000000000000,70,2.000000000000000000000000000000,'Plástico y Metal','China',0,0,0,1,'standard','published','2025-06-03 06:15:12.019',NULL,'e81d2a65-4065-11f0-be3e-c8cb9e320398','e81ece86-4065-11f0-be3e-c8cb9e320398',NULL,180,35,'2025-06-03 06:15:12.019','2025-06-03 06:15:12.019'),('66017911-4074-11f0-be3e-c8cb9e320398','85829e49-01f6-4a1d-b77b-afc027937abe','e818def3-4065-11f0-be3e-c8cb9e320398','e89dc1f1-4065-11f0-be3e-c8cb9e320398','Aspiradora de Mano Portátil para Coche 12V','aspiradora-mano-portatil-coche-12v','AUT_ASP_089','Compacta y potente, ideal para mantener limpio el interior de tu vehículo.',30.000000000000000000000000000000,38.000000000000000000000000000000,18.000000000000000000000000000000,150,0.600000000000000000000000000000,'Plástico ABS','China',0,0,0,0,'standard','published','2025-06-03 06:15:12.019',NULL,'e81d27c7-4065-11f0-be3e-c8cb9e320398','e81ed01e-4065-11f0-be3e-c8cb9e320398',NULL,250,70,'2025-06-03 06:15:12.019','2025-06-03 06:15:12.019'),('66017b62-4074-11f0-be3e-c8cb9e320398','85829e49-01f6-4a1d-b77b-afc027937abe','e818de77-4065-11f0-be3e-c8cb9e320398','e89dc3de-4065-11f0-be3e-c8cb9e320398','Disfraz de Superhéroe para Perro','disfraz-superheroe-perro','MSC_DSF_090','Viste a tu mascota con este divertido disfraz de superhéroe, perfecto para fiestas.',15.000000000000000000000000000000,20.000000000000000000000000000000,8.000000000000000000000000000000,100,0.100000000000000000000000000000,'Poliéster','China',0,0,0,0,'reduced','published','2025-06-03 06:15:12.019',NULL,'e81d2a65-4065-11f0-be3e-c8cb9e320398','e81ecada-4065-11f0-be3e-c8cb9e320398',NULL,80,20,'2025-06-03 06:15:12.019','2025-06-03 06:15:12.019'),('678fd0f8-4070-11f0-be3e-c8cb9e320398','85829e49-01f6-4a1d-b77b-afc027937abe','e818d133-4065-11f0-be3e-c8cb9e320398','e89dc1f1-4065-11f0-be3e-c8cb9e320398','Tablet Android Pro 10.1\" Full HD','tablet-android-pro-10-1-full-hd','ELE_TBL_051','Potente y versátil tablet con pantalla de alta resolución, ideal para trabajo y entretenimiento.',249.990000000000000000000000000000,299.990000000000000000000000000000,180.000000000000000000000000000000,60,0.600000000000000000000000000000,'Aluminio y Vidrio','China',1,0,0,1,'standard','published','2025-06-03 05:46:36.647',NULL,'e81d2af7-4065-11f0-be3e-c8cb9e320398','e81ecef0-4065-11f0-be3e-c8cb9e320398','https://www.youtube.com/watch?v=tablet_pro_051',1100,200,'2025-06-03 05:46:36.647','2025-06-03 05:46:36.647'),('678fdce1-4070-11f0-be3e-c8cb9e320398','85829e49-01f6-4a1d-b77b-afc027937abe','e818d821-4065-11f0-be3e-c8cb9e320398','e89dc3de-4065-11f0-be3e-c8cb9e320398','Chaqueta Impermeable Ultraligera Unisex','chaqueta-impermeable-ultraligera-unisex','RPA_CHQ_052','Perfecta para actividades al aire libre, te mantiene seco sin sacrificar la comodidad.',75.000000000000000000000000000000,90.000000000000000000000000000000,45.000000000000000000000000000000,130,0.400000000000000000000000000000,'Poliéster Impermeable','Vietnam',0,0,0,0,'reduced','published','2025-06-03 05:46:36.647',NULL,'e81d2a65-4065-11f0-be3e-c8cb9e320398','e81ecef0-4065-11f0-be3e-c8cb9e320398',NULL,400,80,'2025-06-03 05:46:36.647','2025-06-03 05:46:36.647'),('678fe37e-4070-11f0-be3e-c8cb9e320398','85829e49-01f6-4a1d-b77b-afc027937abe','e818d8c9-4065-11f0-be3e-c8cb9e320398','e89dc6ce-4065-11f0-be3e-c8cb9e320398','Estantería Modular de Madera Natural','estanteria-modular-madera-natural','MBL_EST_053','Diseño versátil que se adapta a cualquier espacio, perfecta para libros o decoración.',110.000000000000000000000000000000,140.000000000000000000000000000000,70.000000000000000000000000000000,25,10.000000000000000000000000000000,'Madera de Pino','Polonia',1,0,0,1,'standard','published','2025-06-03 05:46:36.647',NULL,'e81d2af7-4065-11f0-be3e-c8cb9e320398','e81ecef0-4065-11f0-be3e-c8cb9e320398',NULL,550,50,'2025-06-03 05:46:36.647','2025-06-03 05:46:36.647'),('678fe7f5-4070-11f0-be3e-c8cb9e320398','85829e49-01f6-4a1d-b77b-afc027937abe','e818d945-4065-11f0-be3e-c8cb9e320398','e89db599-4065-11f0-be3e-c8cb9e320398','Novela Gráfica: Sombras del Crepúsculo','novela-grafica-sombras-crepusculo','LBR_NVG_054','Una historia de fantasía oscura con ilustraciones impresionantes y una trama envolvente.',22.990000000000000000000000000000,28.000000000000000000000000000000,14.000000000000000000000000000000,100,0.500000000000000000000000000000,'Papel y Tinta','Estados Unidos',0,0,0,0,'exempt','published','2025-06-03 05:46:36.647',NULL,'e81d2c37-4065-11f0-be3e-c8cb9e320398','e81ecef0-4065-11f0-be3e-c8cb9e320398',NULL,250,70,'2025-06-03 05:46:36.647','2025-06-03 05:46:36.647'),('6791879b-4070-11f0-be3e-c8cb9e320398','85829e49-01f6-4a1d-b77b-afc027937abe','e818db80-4065-11f0-be3e-c8cb9e320398','e89dbf39-4065-11f0-be3e-c8cb9e320398','Bicicleta de Montaña Pro Aro 29','bicicleta-montana-pro-aro-29','DPT_BIC_055','Cuadro de aluminio ligero, suspensión avanzada y frenos de disco hidráulicos.',450.000000000000000000000000000000,550.000000000000000000000000000000,320.000000000000000000000000000000,15,14.000000000000000000000000000000,'Aluminio y Componentes Varios','Taiwán',1,0,0,1,'standard','published','2025-06-03 05:46:36.647',NULL,'e81d2bcc-4065-11f0-be3e-c8cb9e320398','e81ecef0-4065-11f0-be3e-c8cb9e320398','https://www.youtube.com/watch?v=bicicleta_mtb_055',900,180,'2025-06-03 05:46:36.647','2025-06-03 05:46:36.647'),('67918a17-4070-11f0-be3e-c8cb9e320398','85829e49-01f6-4a1d-b77b-afc027937abe','e818da90-4065-11f0-be3e-c8cb9e320398',NULL,'Difusor de Aromas Ultrasónico con Luz LED','difusor-aromas-ultrasonico-luz-led','HOG_DIF_056','Crea un ambiente relajante con tus aceites esenciales favoritos y luz ambiental.',30.000000000000000000000000000000,40.000000000000000000000000000000,18.000000000000000000000000000000,120,0.300000000000000000000000000000,'Plástico ABS','China',0,0,0,0,'reduced','published','2025-06-03 05:46:36.647',NULL,'e81d27c7-4065-11f0-be3e-c8cb9e320398','e81ecef0-4065-11f0-be3e-c8cb9e320398',NULL,350,70,'2025-06-03 05:46:36.647','2025-06-03 05:46:36.647'),('67918b9c-4070-11f0-be3e-c8cb9e320398','85829e49-01f6-4a1d-b77b-afc027937abe','e818db02-4065-11f0-be3e-c8cb9e320398','e89db599-4065-11f0-be3e-c8cb9e320398','Set de Bloques de Construcción Educativos de Madera','set-bloques-construccion-educativos-madera','JUG_BLO_057','Estimula la creatividad y habilidades motoras con bloques de madera natural y pintados.',28.000000000000000000000000000000,35.000000000000000000000000000000,15.000000000000000000000000000000,180,0.800000000000000000000000000000,'Madera Certificada','Vietnam',0,0,0,0,'standard','published','2025-06-03 05:46:36.647',NULL,'e81d2c37-4065-11f0-be3e-c8cb9e320398','e81ecef0-4065-11f0-be3e-c8cb9e320398',NULL,200,45,'2025-06-03 05:46:36.647','2025-06-03 05:46:36.647'),('67918ddc-4070-11f0-be3e-c8cb9e320398','85829e49-01f6-4a1d-b77b-afc027937abe','e818dc1c-4065-11f0-be3e-c8cb9e320398','e89db599-4065-11f0-be3e-c8cb9e320398','Protector Solar Facial Anti-Edad SPF 50+','protector-solar-facial-anti-edad-spf50','BLZ_PSL_058','Protección solar alta con ingredientes anti-edad para el cuidado diario de tu piel.',25.000000000000000000000000000000,32.000000000000000000000000000000,15.000000000000000000000000000000,100,0.100000000000000000000000000000,'Crema','Francia',0,0,0,0,'exempt','published','2025-06-03 05:46:36.647',NULL,'e81d27c7-4065-11f0-be3e-c8cb9e320398','e81ecef0-4065-11f0-be3e-c8cb9e320398',NULL,300,80,'2025-06-03 05:46:36.647','2025-06-03 05:46:36.647'),('67918f5f-4070-11f0-be3e-c8cb9e320398','85829e49-01f6-4a1d-b77b-afc027937abe','e818de77-4065-11f0-be3e-c8cb9e320398','e89dbf39-4065-11f0-be3e-c8cb9e320398','Dispensador Automático de Alimentos para Mascotas','dispensador-automatico-alimentos-mascotas','MSC_DIS_059','Programa las comidas de tu mascota y asegura su alimentación incluso cuando no estás en casa.',70.000000000000000000000000000000,85.000000000000000000000000000000,45.000000000000000000000000000000,50,1.800000000000000000000000000000,'Plástico y Acero Inoxidable','China',1,0,0,1,'standard','published','2025-06-03 05:46:36.647',NULL,'e81d2a65-4065-11f0-be3e-c8cb9e320398','e81ecef0-4065-11f0-be3e-c8cb9e320398',NULL,400,70,'2025-06-03 05:46:36.647','2025-06-03 05:46:36.647'),('679193d1-4070-11f0-be3e-c8cb9e320398','85829e49-01f6-4a1d-b77b-afc027937abe','e818def3-4065-11f0-be3e-c8cb9e320398','e89dc1f1-4065-11f0-be3e-c8cb9e320398','Cargador de Coche Rápido Dual USB-C y USB-A','cargador-coche-rapido-dual-usb-c-usb-a','AUT_CRG_060','Carga tus dispositivos en el coche a máxima velocidad con este adaptador dual.',18.000000000000000000000000000000,25.000000000000000000000000000000,10.000000000000000000000000000000,300,0.050000000000000000000000000000,'Plástico y Metal','China',0,0,0,0,'standard','published','2025-06-03 05:46:36.647',NULL,'e81d27c7-4065-11f0-be3e-c8cb9e320398','e81ecef0-4065-11f0-be3e-c8cb9e320398',NULL,200,150,'2025-06-03 05:46:36.647','2025-06-03 05:46:36.647'),('a167ecb3-4070-11f0-be3e-c8cb9e320398','85829e49-01f6-4a1d-b77b-afc027937abe','e818d133-4065-11f0-be3e-c8cb9e320398','e89dc1f1-4065-11f0-be3e-c8cb9e320398','Impresora 3D de Escritorio FDM Pro','impresora-3d-escritorio-fdm-pro','ELE_3DP_061','Crea tus propios diseños en 3D con esta impresora de alta precisión y fácil manejo.',299.990000000000000000000000000000,350.000000000000000000000000000000,200.000000000000000000000000000000,15,7.500000000000000000000000000000,'Metal y Plástico','China',1,0,0,1,'standard','published','2025-06-03 05:48:13.693',NULL,'e81d2a65-4065-11f0-be3e-c8cb9e320398','e81ecef0-4065-11f0-be3e-c8cb9e320398','https://www.youtube.com/watch?v=3dprinter_061',700,90,'2025-06-03 05:48:13.693','2025-06-03 05:48:13.693'),('a167f1bd-4070-11f0-be3e-c8cb9e320398','85829e49-01f6-4a1d-b77b-afc027937abe','e818dd87-4065-11f0-be3e-c8cb9e320398','e89dbf39-4065-11f0-be3e-c8cb9e320398','Gafas de Sol Polarizadas Estilo Aviador','gafas-sol-polarizadas-estilo-aviador','ACC_GFA_062','Protección UV400 y lentes polarizadas para una visión clara y sin deslumbramientos.',45.000000000000000000000000000000,55.000000000000000000000000000000,28.000000000000000000000000000000,100,0.030000000000000000000000000000,'Metal y Policarbonato','Italia',0,0,0,0,'standard','published','2025-06-03 05:48:13.693',NULL,'e81d2c37-4065-11f0-be3e-c8cb9e320398','e81ecef0-4065-11f0-be3e-c8cb9e320398',NULL,300,60,'2025-06-03 05:48:13.693','2025-06-03 05:48:13.693'),('a167f3e3-4070-11f0-be3e-c8cb9e320398','85829e49-01f6-4a1d-b77b-afc027937abe','e818da90-4065-11f0-be3e-c8cb9e320398','e89dc6ce-4065-11f0-be3e-c8cb9e320398','Set de Cuchillos de Cocina Profesional 6 Pcs','set-cuchillos-cocina-profesional-6-pcs','HOG_CCH_063','Cuchillos de acero inoxidable de alta calidad, afilados y ergonómicos para cada tarea culinaria.',89.990000000000000000000000000000,110.000000000000000000000000000000,55.000000000000000000000000000000,50,2.500000000000000000000000000000,'Acero Inoxidable y Madera','Alemania',1,0,0,1,'standard','published','2025-06-03 05:48:13.693',NULL,'e81d2c37-4065-11f0-be3e-c8cb9e320398','e81ecef0-4065-11f0-be3e-c8cb9e320398',NULL,450,80,'2025-06-03 05:48:13.693','2025-06-03 05:48:13.693'),('a167f543-4070-11f0-be3e-c8cb9e320398','85829e49-01f6-4a1d-b77b-afc027937abe','e818d133-4065-11f0-be3e-c8cb9e320398','e89dc1f1-4065-11f0-be3e-c8cb9e320398','Power Bank 20000mAh Carga Rápida USB-C','power-bank-20000mah-carga-rapida-usb-c','ELE_PWB_064','Carga tus dispositivos varias veces con esta batería externa de alta capacidad y carga rápida.',39.990000000000000000000000000000,50.000000000000000000000000000000,25.000000000000000000000000000000,180,0.400000000000000000000000000000,'Plástico ABS y Batería de Litio','China',0,0,0,0,'standard','published','2025-06-03 05:48:13.693',NULL,'e81d27c7-4065-11f0-be3e-c8cb9e320398','e81ecef0-4065-11f0-be3e-c8cb9e320398',NULL,600,120,'2025-06-03 05:48:13.693','2025-06-03 05:48:13.693'),('a167f696-4070-11f0-be3e-c8cb9e320398','85829e49-01f6-4a1d-b77b-afc027937abe','e818d821-4065-11f0-be3e-c8cb9e320398','e89dc3de-4065-11f0-be3e-c8cb9e320398','Camisa de Lino Casual Hombre Manga Larga','camisa-lino-casual-hombre-manga-larga','RPA_CMS_065','Fresca y elegante, ideal para climas cálidos y un look casual sofisticado.',45.000000000000000000000000000000,55.000000000000000000000000000000,28.000000000000000000000000000000,120,0.300000000000000000000000000000,'Lino 100%','India',0,0,0,0,'reduced','published','2025-06-03 05:48:13.693',NULL,'e81d2a65-4065-11f0-be3e-c8cb9e320398','e81ecef0-4065-11f0-be3e-c8cb9e320398',NULL,350,70,'2025-06-03 05:48:13.693','2025-06-03 05:48:13.693'),('a167f7fe-4070-11f0-be3e-c8cb9e320398','85829e49-01f6-4a1d-b77b-afc027937abe','e818d8c9-4065-11f0-be3e-c8cb9e320398','e89dc6ce-4065-11f0-be3e-c8cb9e320398','Escritorio Minimalista con Cajones Integrados','escritorio-minimalista-cajones-integrados','MBL_ESCR_066','Diseño funcional para optimizar tu espacio de trabajo con almacenamiento discreto.',210.000000000000000000000000000000,250.000000000000000000000000000000,140.000000000000000000000000000000,20,20.000000000000000000000000000000,'Madera Aglomerada y Acero','Brasil',1,0,0,1,'standard','published','2025-06-03 05:48:13.693',NULL,'e81d2af7-4065-11f0-be3e-c8cb9e320398','e81ecef0-4065-11f0-be3e-c8cb9e320398',NULL,700,40,'2025-06-03 05:48:13.693','2025-06-03 05:48:13.693'),('a167f949-4070-11f0-be3e-c8cb9e320398','85829e49-01f6-4a1d-b77b-afc027937abe','e818da90-4065-11f0-be3e-c8cb9e320398','e89db599-4065-11f0-be3e-c8cb9e320398','Set de 4 Tazas de Cerámica Artesanales Colores Pastel','set-4-tazas-ceramica-artesanales-colores-pastel','HOG_TZS_067','Diseño único y colores suaves, perfectas para disfrutar tu bebida favorita.',28.000000000000000000000000000000,35.000000000000000000000000000000,15.000000000000000000000000000000,100,1.500000000000000000000000000000,'Cerámica','Portugal',0,0,0,0,'reduced','published','2025-06-03 05:48:13.693',NULL,'e81d27c7-4065-11f0-be3e-c8cb9e320398','e81ecef0-4065-11f0-be3e-c8cb9e320398',NULL,300,60,'2025-06-03 05:48:13.693','2025-06-03 05:48:13.693'),('a167ffb2-4070-11f0-be3e-c8cb9e320398','85829e49-01f6-4a1d-b77b-afc027937abe','e818da90-4065-11f0-be3e-c8cb9e320398','e89dbf39-4065-11f0-be3e-c8cb9e320398','Filtro de Agua Purificador para Grifo con Indicador','filtro-agua-purificador-grifo-indicador','COC_FLT_068','Mejora el sabor y la calidad de tu agua directamente desde el grifo. Fácil instalación.',40.000000000000000000000000000000,50.000000000000000000000000000000,25.000000000000000000000000000000,90,0.300000000000000000000000000000,'Plástico y Carbón Activo','Corea del Sur',0,0,0,0,'standard','published','2025-06-03 05:48:13.693',NULL,'e81d27c7-4065-11f0-be3e-c8cb9e320398','e81ecef0-4065-11f0-be3e-c8cb9e320398',NULL,200,50,'2025-06-03 05:48:13.693','2025-06-03 05:48:13.693'),('a16800f7-4070-11f0-be3e-c8cb9e320398','85829e49-01f6-4a1d-b77b-afc027937abe','e818db02-4065-11f0-be3e-c8cb9e320398','e89db599-4065-11f0-be3e-c8cb9e320398','Juego de Mesa Estratégico \"Conquista Mundial\"','juego-mesa-estrategico-conquista-mundial','JUG_JGM_069','Pon a prueba tu intelecto en este juego de estrategia donde el objetivo es dominar el mundo.',39.990000000000000000000000000000,49.990000000000000000000000000000,25.000000000000000000000000000000,70,1.000000000000000000000000000000,'Cartón y Plástico','Alemania',1,0,0,0,'standard','published','2025-06-03 05:48:13.693',NULL,'e81d2af7-4065-11f0-be3e-c8cb9e320398','e81ecef0-4065-11f0-be3e-c8cb9e320398',NULL,150,30,'2025-06-03 05:48:13.693','2025-06-03 05:48:13.693'),('a1680270-4070-11f0-be3e-c8cb9e320398','85829e49-01f6-4a1d-b77b-afc027937abe','e818dc1c-4065-11f0-be3e-c8cb9e320398','e89db599-4065-11f0-be3e-c8cb9e320398','Kit de Blanqueamiento Dental Casero con LED','kit-blanqueamiento-dental-casero-led','BLZ_BLQ_070','Consigue una sonrisa más brillante desde la comodidad de tu hogar en pocos días.',55.000000000000000000000000000000,70.000000000000000000000000000000,35.000000000000000000000000000000,80,0.200000000000000000000000000000,'Gel y Plástico','Estados Unidos',0,0,0,0,'exempt','published','2025-06-03 05:48:13.693',NULL,'e81d2c37-4065-11f0-be3e-c8cb9e320398','e81ecef0-4065-11f0-be3e-c8cb9e320398',NULL,250,45,'2025-06-03 05:48:13.693','2025-06-03 05:48:13.693'),('a81066e4-4074-11f0-be3e-c8cb9e320398','85829e49-01f6-4a1d-b77b-afc027937abe','e818d133-4065-11f0-be3e-c8cb9e320398','e89dc1f1-4065-11f0-be3e-c8cb9e320398','Kit de Inicio para Vloggers Pro con Trípode','kit-inicio-vloggers-pro-tripode','ELE_VLG_091','Todo lo esencial para empezar a crear contenido de video: micrófono, luz LED y trípode flexible.',79.990000000000000000000000000000,99.990000000000000000000000000000,50.000000000000000000000000000000,70,0.700000000000000000000000000000,'Plástico y Aluminio','China',1,0,0,1,'standard','published','2025-06-03 06:17:02.851',NULL,'e81d2c37-4065-11f0-be3e-c8cb9e320398','e81ed01e-4065-11f0-be3e-c8cb9e320398','https://www.youtube.com/watch?v=vlogger_kit_091',400,80,'2025-06-03 06:17:02.851','2025-06-03 06:17:02.851'),('a8106e33-4074-11f0-be3e-c8cb9e320398','85829e49-01f6-4a1d-b77b-afc027937abe','e818db80-4065-11f0-be3e-c8cb9e320398','e89dbf39-4065-11f0-be3e-c8cb9e320398','Gafas de Natación Pro Anti-Vaho y UV','gafas-natacion-pro-anti-vaho-uv','DPT_GNT_092','Claridad y confort bajo el agua con lentes anti-vaho y protección UV.',19.990000000000000000000000000000,25.000000000000000000000000000000,10.000000000000000000000000000000,150,0.100000000000000000000000000000,'Silicona y Policarbonato','China',0,0,0,0,'standard','published','2025-06-03 06:17:02.851',NULL,'e81d2c37-4065-11f0-be3e-c8cb9e320398','e81ecd74-4065-11f0-be3e-c8cb9e320398',NULL,180,50,'2025-06-03 06:17:02.851','2025-06-03 06:17:02.851'),('a810713c-4074-11f0-be3e-c8cb9e320398','85829e49-01f6-4a1d-b77b-afc027937abe','e818db80-4065-11f0-be3e-c8cb9e320398','e89dc6ce-4065-11f0-be3e-c8cb9e320398','Silla de Camping Plegable con Nevera Integrada','silla-camping-plegable-nevera-integrada','DPT_CMP_093','Perfecta para picnics, playa o camping. Incluye un pequeño compartimento térmico.',45.000000000000000000000000000000,55.000000000000000000000000000000,28.000000000000000000000000000000,60,2.500000000000000000000000000000,'Acero y Tela Oxford','China',0,0,0,0,'standard','published','2025-06-03 06:17:02.851',NULL,'e81d2af7-4065-11f0-be3e-c8cb9e320398','e81ecdfd-4065-11f0-be3e-c8cb9e320398',NULL,150,30,'2025-06-03 06:17:02.851','2025-06-03 06:17:02.851'),('a8107498-4074-11f0-be3e-c8cb9e320398','85829e49-01f6-4a1d-b77b-afc027937abe','e818dd87-4065-11f0-be3e-c8cb9e320398','e89dbf39-4065-11f0-be3e-c8cb9e320398','Maleta de Viaje Rígida Grande con Ruedas 360°','maleta-viaje-rigida-ruedas-360','ACC_MLT_094','Duradera y espaciosa, ideal para viajes largos, con cerradura TSA y ruedas giratorias.',99.000000000000000000000000000000,120.000000000000000000000000000000,60.000000000000000000000000000000,50,4.000000000000000000000000000000,'Policarbonato','China',1,0,0,1,'standard','published','2025-06-03 06:17:02.851',NULL,'e81d2b60-4065-11f0-be3e-c8cb9e320398','e81ed01e-4065-11f0-be3e-c8cb9e320398',NULL,300,70,'2025-06-03 06:17:02.851','2025-06-03 06:17:02.851'),('a810769d-4074-11f0-be3e-c8cb9e320398','85829e49-01f6-4a1d-b77b-afc027937abe','e818da90-4065-11f0-be3e-c8cb9e320398','e89dc1f1-4065-11f0-be3e-c8cb9e320398','Olla a Presión Eléctrica Inteligente Multi-Función','olla-presion-electrica-inteligente-multi-funcion','COC_OLL_095','Cocina más rápido y fácil con programas preestablecidos y funciones de seguridad avanzadas.',89.000000000000000000000000000000,110.000000000000000000000000000000,55.000000000000000000000000000000,40,5.000000000000000000000000000000,'Acero Inoxidable y Plástico','China',1,0,0,1,'standard','published','2025-06-03 06:17:02.851',NULL,'e81d2a65-4065-11f0-be3e-c8cb9e320398','e81ed0e1-4065-11f0-be3e-c8cb9e320398','https://www.youtube.com/watch?v=olla_presion_095',500,90,'2025-06-03 06:17:02.851','2025-06-03 06:17:02.851'),('a811cf1b-4074-11f0-be3e-c8cb9e320398','85829e49-01f6-4a1d-b77b-afc027937abe','e818dc1c-4065-11f0-be3e-c8cb9e320398','e89db599-4065-11f0-be3e-c8cb9e320398','Serum Facial Vitamina C Ultra Concentrado','serum-facial-vitamina-c-ultra-concentrado','BLZ_SRM_096','Ilumina y rejuvenece tu piel con este potente serum antioxidante.',38.000000000000000000000000000000,48.000000000000000000000000000000,22.000000000000000000000000000000,90,0.050000000000000000000000000000,'Líquido y Vidrio','Corea del Sur',0,0,0,0,'exempt','published','2025-06-03 06:17:02.851',NULL,'e81d27c7-4065-11f0-be3e-c8cb9e320398','e81ece86-4065-11f0-be3e-c8cb9e320398',NULL,300,70,'2025-06-03 06:17:02.851','2025-06-03 06:17:02.851'),('a811d192-4074-11f0-be3e-c8cb9e320398','85829e49-01f6-4a1d-b77b-afc027937abe','e818dd87-4065-11f0-be3e-c8cb9e320398','e89dc3de-4065-11f0-be3e-c8cb9e320398','Cinturón de Cuero Genuino Reversible','cinturon-cuero-genuino-reversible','ACC_CNT_097','Versátil y elegante, ideal para un look formal o casual.',28.000000000000000000000000000000,35.000000000000000000000000000000,15.000000000000000000000000000000,120,0.200000000000000000000000000000,'Cuero y Aleación de Zinc','India',0,0,0,0,'standard','published','2025-06-03 06:17:02.851',NULL,'e81d2af7-4065-11f0-be3e-c8cb9e320398','e81ed01e-4065-11f0-be3e-c8cb9e320398',NULL,200,50,'2025-06-03 06:17:02.851','2025-06-03 06:17:02.851'),('a811d310-4074-11f0-be3e-c8cb9e320398','85829e49-01f6-4a1d-b77b-afc027937abe','e818de77-4065-11f0-be3e-c8cb9e320398','e89dbf39-4065-11f0-be3e-c8cb9e320398','Arena para Gatos Aglomerante Ultra Odor Control 10kg','arena-gatos-aglomerante-ultra-odor-control-10kg','MSC_ARN_098','Fórmula de alto rendimiento para controlar olores y facilitar la limpieza de la bandeja.',15.000000000000000000000000000000,18.000000000000000000000000000000,8.000000000000000000000000000000,200,10.000000000000000000000000000000,'Bentonita de Sodio','Estados Unidos',0,0,0,1,'standard','published','2025-06-03 06:17:02.851',NULL,'e81d2c37-4065-11f0-be3e-c8cb9e320398','e81ed07e-4065-11f0-be3e-c8cb9e320398',NULL,100,40,'2025-06-03 06:17:02.851','2025-06-03 06:17:02.851'),('a811d47a-4074-11f0-be3e-c8cb9e320398','85829e49-01f6-4a1d-b77b-afc027937abe','e818d945-4065-11f0-be3e-c8cb9e320398','e89db599-4065-11f0-be3e-c8cb9e320398','El Gran Libro de Recetas del Mundo: Cocina Internacional','gran-libro-recetas-mundo-cocina-internacional','LBR_GTR_099','Un viaje culinario por los sabores del mundo con recetas auténticas y fáciles de seguir.',29.990000000000000000000000000000,35.000000000000000000000000000000,18.000000000000000000000000000000,100,1.200000000000000000000000000000,'Papel','Reino Unido',1,0,0,0,'exempt','published','2025-06-03 06:17:02.851',NULL,'e81d2c37-4065-11f0-be3e-c8cb9e320398','e81ecf5a-4065-11f0-be3e-c8cb9e320398',NULL,200,50,'2025-06-03 06:17:02.851','2025-06-03 06:17:02.851'),('a811d5d7-4074-11f0-be3e-c8cb9e320398','85829e49-01f6-4a1d-b77b-afc027937abe','e818db80-4065-11f0-be3e-c8cb9e320398','e89dbf39-4065-11f0-be3e-c8cb9e320398','Set Completo de Palos de Golf para Principiantes','set-completo-palos-golf-principiantes','DPT_GLF_100','Todo lo necesario para empezar a jugar al golf: driver, hierros, putter y bolsa.',280.000000000000000000000000000000,350.000000000000000000000000000000,180.000000000000000000000000000000,15,8.000000000000000000000000000000,'Metal y Grafito','Estados Unidos',1,0,0,1,'standard','published','2025-06-03 06:17:02.851',NULL,'e81d2bcc-4065-11f0-be3e-c8cb9e320398','e81ed0e1-4065-11f0-be3e-c8cb9e320398','https://www.youtube.com/watch?v=golf_set_100',300,40,'2025-06-03 06:17:02.851','2025-06-03 06:17:02.851'),('b30bbe4d-406f-11f0-be3e-c8cb9e320398','85829e49-01f6-4a1d-b77b-afc027937abe','e818d133-4065-11f0-be3e-c8cb9e320398','e89dc1f1-4065-11f0-be3e-c8cb9e320398','Audífonos Gaming HyperSound Pro','audifonos-gaming-hypersound-pro','GAM_AUD_031','Audio inmersivo 7.1 y micrófono retráctil para una comunicación clara en juegos.',89.990000000000000000000000000000,110.000000000000000000000000000000,60.000000000000000000000000000000,90,0.400000000000000000000000000000,'Plástico y Almohadillas de Cuero','China',1,0,0,1,'standard','published','2025-06-03 05:41:33.792',NULL,'e81d2c37-4065-11f0-be3e-c8cb9e320398','e81ecef0-4065-11f0-be3e-c8cb9e320398','https://www.youtube.com/watch?v=gaming_headset_031',800,190,'2025-06-03 05:41:33.792','2025-06-03 05:41:33.792'),('b30bc3b0-406f-11f0-be3e-c8cb9e320398','85829e49-01f6-4a1d-b77b-afc027937abe','e818d821-4065-11f0-be3e-c8cb9e320398','e89dc3de-4065-11f0-be3e-c8cb9e320398','Jeans Slim Fit Hombre Denim Blue','jeans-slim-fit-hombre-denim-blue','RPA_JNS_032','Jeans modernos con corte ajustado y tela elástica para máximo confort.',49.990000000000000000000000000000,60.000000000000000000000000000000,30.000000000000000000000000000000,250,0.700000000000000000000000000000,'Algodón y Elastano','Bangladesh',0,0,0,0,'reduced','published','2025-06-03 05:41:33.792',NULL,'e81d2af7-4065-11f0-be3e-c8cb9e320398','e81ecef0-4065-11f0-be3e-c8cb9e320398',NULL,500,100,'2025-06-03 05:41:33.792','2025-06-03 05:41:33.792'),('b30bc5b4-406f-11f0-be3e-c8cb9e320398','85829e49-01f6-4a1d-b77b-afc027937abe','e818d8c9-4065-11f0-be3e-c8cb9e320398','e89dc6ce-4065-11f0-be3e-c8cb9e320398','Mesa de Centro de Vidrio Templado','mesa-centro-vidrio-templado','MBL_MCT_033','Diseño minimalista con superficie de vidrio y base de metal, ideal para salones modernos.',180.000000000000000000000000000000,220.000000000000000000000000000000,120.000000000000000000000000000000,35,12.000000000000000000000000000000,'Vidrio Templado y Acero','China',1,0,0,1,'standard','published','2025-06-03 05:41:33.792',NULL,'e81d2af7-4065-11f0-be3e-c8cb9e320398','e81ecef0-4065-11f0-be3e-c8cb9e320398',NULL,650,70,'2025-06-03 05:41:33.792','2025-06-03 05:41:33.792'),('b30bc797-406f-11f0-be3e-c8cb9e320398','85829e49-01f6-4a1d-b77b-afc027937abe','e818da90-4065-11f0-be3e-c8cb9e320398','e89dc1f1-4065-11f0-be3e-c8cb9e320398','Lámpara de Escritorio LED con Cargador Inalámbrico','lampara-escritorio-led-cargador-inalambrico','ILM_LMP_034','Iluminación ajustable y base con cargador inalámbrico para dispositivos móviles.',65.000000000000000000000000000000,80.000000000000000000000000000000,40.000000000000000000000000000000,100,1.000000000000000000000000000000,'Aluminio y Plástico','China',0,0,0,0,'standard','published','2025-06-03 05:41:33.792',NULL,'e81d2c37-4065-11f0-be3e-c8cb9e320398','e81ecef0-4065-11f0-be3e-c8cb9e320398',NULL,400,80,'2025-06-03 05:41:33.792','2025-06-03 05:41:33.792'),('b30bc9dc-406f-11f0-be3e-c8cb9e320398','85829e49-01f6-4a1d-b77b-afc027937abe','e818dc1c-4065-11f0-be3e-c8cb9e320398','e89db599-4065-11f0-be3e-c8cb9e320398','Kit de Maquillaje Profesional 20 Pcs','kit-maquillaje-profesional-20-pcs','BLZ_MQ_035','Todo lo necesario para un look impecable, incluye sombras, brochas y bases.',75.000000000000000000000000000000,95.000000000000000000000000000000,45.000000000000000000000000000000,60,0.500000000000000000000000000000,'Plástico y Sintéticos','Estados Unidos',1,0,0,0,'exempt','published','2025-06-03 05:41:33.792',NULL,'e81d2c37-4065-11f0-be3e-c8cb9e320398','e81ecef0-4065-11f0-be3e-c8cb9e320398',NULL,600,120,'2025-06-03 05:41:33.792','2025-06-03 05:41:33.792'),('b30d83f1-406f-11f0-be3e-c8cb9e320398','85829e49-01f6-4a1d-b77b-afc027937abe','e818da90-4065-11f0-be3e-c8cb9e320398','e89dc6ce-4065-11f0-be3e-c8cb9e320398','Juego de Sábanas Algodón Egipcio 1000 Hilos','juego-sabanas-algodon-egipcio-1000-hilos','HOG_SAB_036','Lujo y suavidad inigualable para un descanso reparador.',150.000000000000000000000000000000,180.000000000000000000000000000000,100.000000000000000000000000000000,40,2.000000000000000000000000000000,'Algodón Egipcio','Egipto',1,0,0,1,'standard','published','2025-06-03 05:41:33.792',NULL,'e81d2af7-4065-11f0-be3e-c8cb9e320398','e81ecef0-4065-11f0-be3e-c8cb9e320398',NULL,750,150,'2025-06-03 05:41:33.792','2025-06-03 05:41:33.792'),('b30d8650-406f-11f0-be3e-c8cb9e320398','85829e49-01f6-4a1d-b77b-afc027937abe','e818dd08-4065-11f0-be3e-c8cb9e320398','e89db599-4065-11f0-be3e-c8cb9e320398','Colgante de Plata con Gema Amatista','colgante-plata-gema-amatista','JYL_CLG_037','Elegante colgante de plata 925 con una hermosa gema de amatista natural.',95.000000000000000000000000000000,120.000000000000000000000000000000,60.000000000000000000000000000000,50,0.010000000000000000000000000000,'Plata 925 y Amatista','México',0,0,0,0,'exempt','published','2025-06-03 05:41:33.792',NULL,'e81d27c7-4065-11f0-be3e-c8cb9e320398','e81ecef0-4065-11f0-be3e-c8cb9e320398',NULL,300,40,'2025-06-03 05:41:33.792','2025-06-03 05:41:33.792'),('b30d899f-406f-11f0-be3e-c8cb9e320398','85829e49-01f6-4a1d-b77b-afc027937abe','e818def3-4065-11f0-be3e-c8cb9e320398','e89dbf39-4065-11f0-be3e-c8cb9e320398','Kit Limpieza Automotriz Extreme Shine','kit-limpieza-automotriz-extreme-shine','AUT_LMP_038','Todo lo necesario para un acabado de showroom: ceras, limpiadores y pulidores.',60.000000000000000000000000000000,75.000000000000000000000000000000,35.000000000000000000000000000000,80,3.000000000000000000000000000000,'Líquidos y Microfibra','Alemania',0,0,0,0,'standard','published','2025-06-03 05:41:33.792',NULL,'e81d2c37-4065-11f0-be3e-c8cb9e320398','e81ecef0-4065-11f0-be3e-c8cb9e320398',NULL,480,100,'2025-06-03 05:41:33.792','2025-06-03 05:41:33.792'),('b30d8af7-406f-11f0-be3e-c8cb9e320398','85829e49-01f6-4a1d-b77b-afc027937abe','e818df6b-4065-11f0-be3e-c8cb9e320398','e89db599-4065-11f0-be3e-c8cb9e320398','Vinilo \"Greatest Hits\" Banda Legendaria','vinilo-greatest-hits-banda-legendaria','MSC_VNL_039','Edición limitada en vinilo del icónico álbum de rock clásico. Sonido analógico puro.',29.990000000000000000000000000000,35.000000000000000000000000000000,18.000000000000000000000000000000,70,0.300000000000000000000000000000,'Vinilo y Cartón','Reino Unido',1,0,0,0,'exempt','published','2025-06-03 05:41:33.792',NULL,'e81d2c37-4065-11f0-be3e-c8cb9e320398','e81ecef0-4065-11f0-be3e-c8cb9e320398','https://www.youtube.com/watch?v=banda_legendaria_album',200,30,'2025-06-03 05:41:33.792','2025-06-03 05:41:33.792'),('b30d8c87-406f-11f0-be3e-c8cb9e320398','85829e49-01f6-4a1d-b77b-afc027937abe','e818d133-4065-11f0-be3e-c8cb9e320398','e89dc1f1-4065-11f0-be3e-c8cb9e320398','Proyector Portátil Mini con WiFi','proyector-portatil-mini-wifi','VID_PRJ_040','Transforma cualquier pared en una pantalla gigante con este proyector compacto y fácil de usar.',129.000000000000000000000000000000,150.000000000000000000000000000000,80.000000000000000000000000000000,50,0.600000000000000000000000000000,'Plástico ABS','China',0,0,0,1,'standard','published','2025-06-03 05:41:33.792',NULL,'e81d27c7-4065-11f0-be3e-c8cb9e320398','e81ecef0-4065-11f0-be3e-c8cb9e320398','https://www.youtube.com/watch?v=mini_proyector_040',900,140,'2025-06-03 05:41:33.792','2025-06-03 05:41:33.792'),('c07e1c79-4074-11f0-be3e-c8cb9e320398','85829e49-01f6-4a1d-b77b-afc027937abe','e818d133-4065-11f0-be3e-c8cb9e320398','e89dc1f1-4065-11f0-be3e-c8cb9e320398','Smartband Monitor de Actividad y Ritmo Cardíaco','smartband-monitor-actividad-ritmo-cardiaco','ELE_SMD_101','Registra tus pasos, distancia, calorías y monitorea tu ritmo cardíaco 24/7.',39.990000000000000000000000000000,49.990000000000000000000000000000,25.000000000000000000000000000000,180,0.030000000000000000000000000000,'Silicona y Plástico','China',0,0,0,0,'standard','published','2025-06-03 06:17:43.835',NULL,'e81d2c37-4065-11f0-be3e-c8cb9e320398','e81ed01e-4065-11f0-be3e-c8cb9e320398',NULL,450,120,'2025-06-03 06:17:43.835','2025-06-03 06:17:43.835'),('c07e23d1-4074-11f0-be3e-c8cb9e320398','85829e49-01f6-4a1d-b77b-afc027937abe','e818d821-4065-11f0-be3e-c8cb9e320398','e89dc3de-4065-11f0-be3e-c8cb9e320398','Blusa de Seda Elegante con Cuello V','blusa-seda-elegante-cuello-v','RPA_BLS_102','Suave y fluida, ideal para ocasiones especiales o un look de oficina sofisticado.',55.000000000000000000000000000000,70.000000000000000000000000000000,35.000000000000000000000000000000,90,0.200000000000000000000000000000,'Seda 100%','Italia',1,0,0,0,'reduced','published','2025-06-03 06:17:43.835',NULL,'e81d2a65-4065-11f0-be3e-c8cb9e320398','e81ed07e-4065-11f0-be3e-c8cb9e320398',NULL,280,60,'2025-06-03 06:17:43.835','2025-06-03 06:17:43.835'),('c07e2f7d-4074-11f0-be3e-c8cb9e320398','85829e49-01f6-4a1d-b77b-afc027937abe','e818d8c9-4065-11f0-be3e-c8cb9e320398','e89dc6ce-4065-11f0-be3e-c8cb9e320398','Colchón Memory Foam Premium Matrimonial','colchon-memory-foam-premium-matrimonial','MBL_COL_103','Adaptable al cuerpo, alivia puntos de presión y asegura un sueño profundo y reparador.',450.000000000000000000000000000000,550.000000000000000000000000000000,300.000000000000000000000000000000,15,30.000000000000000000000000000000,'Espuma Viscoelástica y Tejido de Punto','México',1,0,0,1,'standard','published','2025-06-03 06:17:43.835',NULL,'e81d2bcc-4065-11f0-be3e-c8cb9e320398','e81ed07e-4065-11f0-be3e-c8cb9e320398',NULL,600,80,'2025-06-03 06:17:43.835','2025-06-03 06:17:43.835'),('c07f8287-4074-11f0-be3e-c8cb9e320398','85829e49-01f6-4a1d-b77b-afc027937abe','e818e165-4065-11f0-be3e-c8cb9e320398','e89db599-4065-11f0-be3e-c8cb9e320398','Kit de Pintura Acrílica Profesional 24 Colores','kit-pintura-acrilica-profesional-24-colores','ART_PNT_104','Colores vibrantes y de alta calidad, perfecto para artistas de todos los niveles.',35.000000000000000000000000000000,45.000000000000000000000000000000,20.000000000000000000000000000000,100,0.800000000000000000000000000000,'Acrílico y Plástico','China',0,0,0,0,'exempt','published','2025-06-03 06:17:43.835',NULL,'e81d2c37-4065-11f0-be3e-c8cb9e320398','e81ecf5a-4065-11f0-be3e-c8cb9e320398',NULL,200,40,'2025-06-03 06:17:43.835','2025-06-03 06:17:43.835'),('c07f854f-4074-11f0-be3e-c8cb9e320398','85829e49-01f6-4a1d-b77b-afc027937abe','e818da00-4065-11f0-be3e-c8cb9e320398','e89dbf39-4065-11f0-be3e-c8cb9e320398','Zapatillas de Senderismo Impermeables Trekking Pro','zapatillas-senderismo-impermeables-trekking-pro','ZPT_SND_105','Diseñadas para la aventura, ofrecen agarre y protección en cualquier terreno.',85.000000000000000000000000000000,100.000000000000000000000000000000,50.000000000000000000000000000000,70,1.000000000000000000000000000000,'Gore-Tex y Goma','Vietnam',1,0,0,1,'standard','published','2025-06-03 06:17:43.835',NULL,'e81d2af7-4065-11f0-be3e-c8cb9e320398','e81ed0e1-4065-11f0-be3e-c8cb9e320398',NULL,300,60,'2025-06-03 06:17:43.835','2025-06-03 06:17:43.835'),('c07f87ba-4074-11f0-be3e-c8cb9e320398','85829e49-01f6-4a1d-b77b-afc027937abe','e818da90-4065-11f0-be3e-c8cb9e320398','e89dc6ce-4065-11f0-be3e-c8cb9e320398','Set de Utensilios de Cocina de Silicona 12 Pcs','set-utensilios-cocina-silicona-12-pcs','COC_UTN_106','Resistentes al calor y seguros para sartenes antiadherentes, con mango de madera.',40.000000000000000000000000000000,50.000000000000000000000000000000,25.000000000000000000000000000000,90,1.000000000000000000000000000000,'Silicona y Madera','China',0,0,0,0,'standard','published','2025-06-03 06:17:43.835',NULL,'e81d2c37-4065-11f0-be3e-c8cb9e320398','e81ed01e-4065-11f0-be3e-c8cb9e320398',NULL,200,45,'2025-06-03 06:17:43.835','2025-06-03 06:17:43.835'),('c07f896f-4074-11f0-be3e-c8cb9e320398','85829e49-01f6-4a1d-b77b-afc027937abe','e818d133-4065-11f0-be3e-c8cb9e320398','e89dc1f1-4065-11f0-be3e-c8cb9e320398','Smartwatch para Niños con Llamadas y GPS','smartwatch-ninos-llamadas-gps','ELE_SMW_107','Mantiene a tus hijos seguros y conectados. Funciones de llamada, SOS y seguimiento de ubicación.',59.990000000000000000000000000000,75.000000000000000000000000000000,38.000000000000000000000000000000,100,0.100000000000000000000000000000,'Plástico y Silicona','China',1,0,0,0,'standard','published','2025-06-03 06:17:43.835',NULL,'e81d2c37-4065-11f0-be3e-c8cb9e320398','e81ecada-4065-11f0-be3e-c8cb9e320398',NULL,300,80,'2025-06-03 06:17:43.835','2025-06-03 06:17:43.835'),('c07f8b0b-4074-11f0-be3e-c8cb9e320398','85829e49-01f6-4a1d-b77b-afc027937abe','e818da90-4065-11f0-be3e-c8cb9e320398','e89dc6ce-4065-11f0-be3e-c8cb9e320398','Set de Cubiertos de Acero Inoxidable 24 Pcs','set-cubiertos-acero-inoxidable-24-pcs','COC_CBT_108','Elegantes y duraderos, ideales para el uso diario o para ocasiones especiales.',45.000000000000000000000000000000,55.000000000000000000000000000000,28.000000000000000000000000000000,80,1.500000000000000000000000000000,'Acero Inoxidable','China',0,0,0,0,'standard','published','2025-06-03 06:17:43.835',NULL,'e81d2c37-4065-11f0-be3e-c8cb9e320398','e81ed0e1-4065-11f0-be3e-c8cb9e320398',NULL,150,35,'2025-06-03 06:17:43.835','2025-06-03 06:17:43.835'),('c07f8cb3-4074-11f0-be3e-c8cb9e320398','85829e49-01f6-4a1d-b77b-afc027937abe','e818d945-4065-11f0-be3e-c8cb9e320398','e89db599-4065-11f0-be3e-c8cb9e320398','El Gran Libro de Cuentos Clásicos Ilustrados','gran-libro-cuentos-clasicos-ilustrados','LBR_INF_109','Una colección atemporal de historias para niños con hermosas ilustraciones.',19.990000000000000000000000000000,25.000000000000000000000000000000,10.000000000000000000000000000000,130,0.700000000000000000000000000000,'Papel','España',0,0,0,0,'exempt','published','2025-06-03 06:17:43.835',NULL,'e81d2c37-4065-11f0-be3e-c8cb9e320398','e81ece86-4065-11f0-be3e-c8cb9e320398',NULL,100,30,'2025-06-03 06:17:43.835','2025-06-03 06:17:43.835'),('c07f8e51-4074-11f0-be3e-c8cb9e320398','85829e49-01f6-4a1d-b77b-afc027937abe','e818da90-4065-11f0-be3e-c8cb9e320398','e89dc6ce-4065-11f0-be3e-c8cb9e320398','Lámpara de Pie LED Regulable con Puerto USB','lampara-pie-led-regulable-puerto-usb','HOG_LMP_110','Iluminación ajustable para cualquier ambiente, con puerto USB para cargar tus dispositivos.',70.000000000000000000000000000000,90.000000000000000000000000000000,45.000000000000000000000000000000,50,4.000000000000000000000000000000,'Metal y Plástico','China',1,0,0,1,'standard','published','2025-06-03 06:17:43.835',NULL,'e81d2bcc-4065-11f0-be3e-c8cb9e320398','e81ed01e-4065-11f0-be3e-c8cb9e320398',NULL,250,55,'2025-06-03 06:17:43.835','2025-06-03 06:17:43.835'),('c801f66c-406f-11f0-be3e-c8cb9e320398','85829e49-01f6-4a1d-b77b-afc027937abe','e818e0f4-4065-11f0-be3e-c8cb9e320398','e89dc6ce-4065-11f0-be3e-c8cb9e320398','Kit de Jardinería Esencial 5 Piezas','kit-jardineria-esencial-5-piezas','JRD_KIT_041','Herramientas básicas y duraderas para comenzar tu propio jardín o huerto.',29.990000000000000000000000000000,35.000000000000000000000000000000,18.000000000000000000000000000000,150,1.200000000000000000000000000000,'Acero Inoxidable y Madera','China',0,0,0,0,'standard','published','2025-06-03 05:42:08.960',NULL,'e81d2c37-4065-11f0-be3e-c8cb9e320398','e81ecef0-4065-11f0-be3e-c8cb9e320398',NULL,250,60,'2025-06-03 05:42:08.960','2025-06-03 05:42:08.960'),('c801ff42-406f-11f0-be3e-c8cb9e320398','85829e49-01f6-4a1d-b77b-afc027937abe','e818d133-4065-11f0-be3e-c8cb9e320398','e89dc1f1-4065-11f0-be3e-c8cb9e320398','Cámara de Seguridad WiFi Exterior Full HD','camara-seguridad-wifi-exterior-full-hd','CMA_SEG_042','Vigilancia 24/7 con detección de movimiento, visión nocturna y resistencia a la intemperie.',99.990000000000000000000000000000,120.000000000000000000000000000000,65.000000000000000000000000000000,70,0.500000000000000000000000000000,'Plástico ABS y Metal','China',1,0,0,1,'standard','published','2025-06-03 05:42:08.960',NULL,'e81d27c7-4065-11f0-be3e-c8cb9e320398','e81ecef0-4065-11f0-be3e-c8cb9e320398','https://www.youtube.com/watch?v=camara_seguridad_042',800,130,'2025-06-03 05:42:08.960','2025-06-03 05:42:08.960'),('c80205ff-406f-11f0-be3e-c8cb9e320398','85829e49-01f6-4a1d-b77b-afc027937abe','e818dd87-4065-11f0-be3e-c8cb9e320398','e89dbf39-4065-11f0-be3e-c8cb9e320398','Billetera de Cuero Genuino RFID Protect','billetera-cuero-genuino-rfid-protect','ACC_BLL_043','Elegante y funcional billetera de cuero con protección RFID para tus tarjetas.',35.000000000000000000000000000000,45.000000000000000000000000000000,20.000000000000000000000000000000,200,0.100000000000000000000000000000,'Cuero Genuino','India',0,0,0,0,'standard','published','2025-06-03 05:42:08.960',NULL,'e81d27c7-4065-11f0-be3e-c8cb9e320398','e81ecef0-4065-11f0-be3e-c8cb9e320398',NULL,400,90,'2025-06-03 05:42:08.960','2025-06-03 05:42:08.960'),('c8020819-406f-11f0-be3e-c8cb9e320398','85829e49-01f6-4a1d-b77b-afc027937abe','e818d821-4065-11f0-be3e-c8cb9e320398','e89dc3de-4065-11f0-be3e-c8cb9e320398','Pijama de Seda Lujo para Mujer','pijama-seda-lujo-mujer','RPA_PJM_044','Suave y sedosa, ideal para un descanso elegante y confortable.',65.000000000000000000000000000000,80.000000000000000000000000000000,40.000000000000000000000000000000,80,0.200000000000000000000000000000,'Seda 100%','China',1,0,0,0,'reduced','published','2025-06-03 05:42:08.960',NULL,'e81d2a65-4065-11f0-be3e-c8cb9e320398','e81ecef0-4065-11f0-be3e-c8cb9e320398',NULL,300,60,'2025-06-03 05:42:08.960','2025-06-03 05:42:08.960'),('c8020b04-406f-11f0-be3e-c8cb9e320398','85829e49-01f6-4a1d-b77b-afc027937abe','e818da90-4065-11f0-be3e-c8cb9e320398','e89dc1f1-4065-11f0-be3e-c8cb9e320398','Máquina de Coser Eléctrica Portátil','maquina-coser-electrica-portatil','HOG_MCS_045','Compacta y fácil de usar, perfecta para principiantes y arreglos rápidos.',120.000000000000000000000000000000,150.000000000000000000000000000000,80.000000000000000000000000000000,40,3.000000000000000000000000000000,'Plástico y Metal','Japón',0,0,0,1,'standard','published','2025-06-03 05:42:08.960',NULL,'e81d2a65-4065-11f0-be3e-c8cb9e320398','e81ecef0-4065-11f0-be3e-c8cb9e320398',NULL,450,70,'2025-06-03 05:42:08.960','2025-06-03 05:42:08.960'),('c8020d6e-406f-11f0-be3e-c8cb9e320398','85829e49-01f6-4a1d-b77b-afc027937abe','e818db80-4065-11f0-be3e-c8cb9e320398','e89dbf39-4065-11f0-be3e-c8cb9e320398','Mochila Táctica Militar 40L','mochila-tactica-militar-40l','DPT_MCH_046','Robusta y espaciosa, ideal para senderismo, camping o uso diario en entornos exigentes.',70.000000000000000000000000000000,85.000000000000000000000000000000,45.000000000000000000000000000000,90,1.500000000000000000000000000000,'Nylon 600D','China',1,0,0,0,'standard','published','2025-06-03 05:42:08.960',NULL,'e81d2af7-4065-11f0-be3e-c8cb9e320398','e81ecef0-4065-11f0-be3e-c8cb9e320398',NULL,550,110,'2025-06-03 05:42:08.960','2025-06-03 05:42:08.960'),('c8020fa1-406f-11f0-be3e-c8cb9e320398','85829e49-01f6-4a1d-b77b-afc027937abe','e818d133-4065-11f0-be3e-c8cb9e320398','e89dc1f1-4065-11f0-be3e-c8cb9e320398','Aspiradora Robot con Estación de Autovaciado','aspiradora-robot-estacion-autovaciado','ELE_ASP_047','Olvídate de la limpieza por semanas. Mapea tu hogar y se vacía automáticamente.',699.000000000000000000000000000000,800.000000000000000000000000000000,500.000000000000000000000000000000,20,7.000000000000000000000000000000,'Plástico y Goma','China',1,0,0,1,'standard','published','2025-06-03 05:42:08.960','2025-12-03 05:42:08.960','e81d2a65-4065-11f0-be3e-c8cb9e320398','e81ecef0-4065-11f0-be3e-c8cb9e320398','https://www.youtube.com/watch?v=robot_aspiradora_047',1500,250,'2025-06-03 05:42:08.960','2025-06-03 05:42:08.960'),('c8021295-406f-11f0-be3e-c8cb9e320398','85829e49-01f6-4a1d-b77b-afc027937abe','e818d945-4065-11f0-be3e-c8cb9e320398','e89db599-4065-11f0-be3e-c8cb9e320398','Cocina Vegana para Principiantes','cocina-vegana-para-principiantes','LBR_VGN_048','Guía completa con recetas deliciosas y fáciles para iniciar un estilo de vida vegano.',22.000000000000000000000000000000,28.000000000000000000000000000000,14.000000000000000000000000000000,120,0.800000000000000000000000000000,'Papel','Argentina',0,0,0,0,'exempt','published','2025-06-03 05:42:08.960',NULL,'e81d2c37-4065-11f0-be3e-c8cb9e320398','e81ecef0-4065-11f0-be3e-c8cb9e320398',NULL,200,70,'2025-06-03 05:42:08.960','2025-06-03 05:42:08.960'),('c802d061-406f-11f0-be3e-c8cb9e320398','85829e49-01f6-4a1d-b77b-afc027937abe','e818da90-4065-11f0-be3e-c8cb9e320398','e89dc6ce-4065-11f0-be3e-c8cb9e320398','Set de Ollas y Sartenes Antiadherente 10 Pcs','set-ollas-sartenes-antiadherente-10-pcs','HOG_COC_049','Utensilios esenciales para tu cocina, con recubrimiento antiadherente de alta calidad.',130.000000000000000000000000000000,160.000000000000000000000000000000,85.000000000000000000000000000000,60,6.000000000000000000000000000000,'Aluminio y Cerámica','China',0,0,0,1,'standard','published','2025-06-03 05:42:08.960',NULL,'e81d2af7-4065-11f0-be3e-c8cb9e320398','e81ecef0-4065-11f0-be3e-c8cb9e320398',NULL,500,90,'2025-06-03 05:42:08.960','2025-06-03 05:42:08.960'),('c802d29b-406f-11f0-be3e-c8cb9e320398','85829e49-01f6-4a1d-b77b-afc027937abe','e818dffb-4065-11f0-be3e-c8cb9e320398',NULL,'Película Sci-Fi \"El Último Horizonte\" 4K Blu-ray','pelicula-sci-fi-el-ultimo-horizonte-4k-bluray','PCL_SCI_050','Un épico viaje espacial en resolución 4K que te dejará sin aliento.',24.990000000000000000000000000000,30.000000000000000000000000000000,15.000000000000000000000000000000,100,0.200000000000000000000000000000,'Policarbonato','Estados Unidos',1,0,0,0,'exempt','published','2025-06-03 05:42:08.960',NULL,'e81d2c37-4065-11f0-be3e-c8cb9e320398','e81ecef0-4065-11f0-be3e-c8cb9e320398','https://www.youtube.com/watch?v=ultimo_horizonte_trailer',150,25,'2025-06-03 05:42:08.960','2025-06-03 05:42:08.960'),('faa7fcbb-4070-11f0-be3e-c8cb9e320398','85829e49-01f6-4a1d-b77b-afc027937abe','e818d8c9-4065-11f0-be3e-c8cb9e320398','e89dc6ce-4065-11f0-be3e-c8cb9e320398','Silla Ejecutiva de Cuero Ergonómica','silla-ejecutiva-cuero-ergonomica','MBL_SLL_071','Máximo confort y soporte con diseño de cuero de alta calidad y ajustes personalizados.',320.000000000000000000000000000000,380.000000000000000000000000000000,220.000000000000000000000000000000,30,18.000000000000000000000000000000,'Cuero Genuino y Acero','Italia',1,0,0,1,'standard','published','2025-06-03 05:50:43.430',NULL,'e81d2af7-4065-11f0-be3e-c8cb9e320398','e81ecef0-4065-11f0-be3e-c8cb9e320398','https://www.youtube.com/watch?v=silla_ejecutiva_071',850,110,'2025-06-03 05:50:43.430','2025-06-03 05:50:43.430'),('faa80893-4070-11f0-be3e-c8cb9e320398','85829e49-01f6-4a1d-b77b-afc027937abe','e818da90-4065-11f0-be3e-c8cb9e320398','e89dc3de-4065-11f0-be3e-c8cb9e320398','Set de Toallas Algodón Egipcio Extra Suave','set-toallas-algodon-egipcio-extra-suave','HOG_TLL_072','Absorbentes y lujosas, hechas con algodón egipcio de 600 gramos.',45.000000000000000000000000000000,55.000000000000000000000000000000,28.000000000000000000000000000000,100,1.000000000000000000000000000000,'Algodón Egipcio','Portugal',0,0,0,0,'reduced','published','2025-06-03 05:50:43.430',NULL,'e81d2c37-4065-11f0-be3e-c8cb9e320398','e81ecef0-4065-11f0-be3e-c8cb9e320398',NULL,300,60,'2025-06-03 05:50:43.430','2025-06-03 05:50:43.430'),('faa80dd6-4070-11f0-be3e-c8cb9e320398','85829e49-01f6-4a1d-b77b-afc027937abe','e818d133-4065-11f0-be3e-c8cb9e320398','e89dc1f1-4065-11f0-be3e-c8cb9e320398','Altavoz Inteligente VoiceHome Plus','altavoz-inteligente-voicehome-plus','ELE_SPK_073','Controla tu hogar, reproduce música y obtén respuestas con tu voz.',89.990000000000000000000000000000,109.990000000000000000000000000000,60.000000000000000000000000000000,70,0.800000000000000000000000000000,'Plástico y Tela','Estados Unidos',1,0,0,1,'standard','published','2025-06-03 05:50:43.430',NULL,'e81d2c37-4065-11f0-be3e-c8cb9e320398','e81ecef0-4065-11f0-be3e-c8cb9e320398','https://www.youtube.com/watch?v=voicehome_plus',900,150,'2025-06-03 05:50:43.430','2025-06-03 05:50:43.430'),('faa81434-4070-11f0-be3e-c8cb9e320398','85829e49-01f6-4a1d-b77b-afc027937abe','e818da90-4065-11f0-be3e-c8cb9e320398','e89dc6ce-4065-11f0-be3e-c8cb9e320398','Batería de Cocina Antiadherente Ceramic Pro 8 Pcs','bateria-cocina-antiadherente-ceramic-pro-8-pcs','COC_BTR_074','Cocina sin que se pegue nada con este set de ollas y sartenes de cerámica.',150.000000000000000000000000000000,180.000000000000000000000000000000,95.000000000000000000000000000000,40,7.000000000000000000000000000000,'Aluminio con Recubrimiento Cerámico','Italia',1,0,0,1,'standard','published','2025-06-03 05:50:43.430',NULL,'e81d2af7-4065-11f0-be3e-c8cb9e320398','e81ecef0-4065-11f0-be3e-c8cb9e320398',NULL,600,80,'2025-06-03 05:50:43.430','2025-06-03 05:50:43.430'),('faa8193d-4070-11f0-be3e-c8cb9e320398','85829e49-01f6-4a1d-b77b-afc027937abe','e818ddfd-4065-11f0-be3e-c8cb9e320398','e89db599-4065-11f0-be3e-c8cb9e320398','Multivitamínico Completo con Minerales Esenciales','multivitaminico-completo-minerales-esenciales','ALM_VTM_075','Apoya tu bienestar diario con una fórmula rica en vitaminas y minerales para adultos.',25.000000000000000000000000000000,30.000000000000000000000000000000,15.000000000000000000000000000000,180,0.100000000000000000000000000000,'Cápsulas','Estados Unidos',0,0,0,0,'exempt','published','2025-06-03 05:50:43.430','2027-06-03 05:50:43.430','e81d2c37-4065-11f0-be3e-c8cb9e320398','e81ecef0-4065-11f0-be3e-c8cb9e320398',NULL,300,90,'2025-06-03 05:50:43.430','2025-06-03 05:50:43.430'),('faa892e0-4070-11f0-be3e-c8cb9e320398','85829e49-01f6-4a1d-b77b-afc027937abe','e818de77-4065-11f0-be3e-c8cb9e320398','e89dbf39-4065-11f0-be3e-c8cb9e320398','Collar para Perro Anti-Tirones Ajustable','collar-perro-anti-tirones-ajustable','MSC_CLL_076','Diseñado para entrenar a tu perro a caminar sin tirones, cómodo y seguro.',20.000000000000000000000000000000,25.000000000000000000000000000000,12.000000000000000000000000000000,100,0.100000000000000000000000000000,'Nylon y Metal','China',0,0,0,0,'standard','published','2025-06-03 05:50:43.430',NULL,'e81d2a65-4065-11f0-be3e-c8cb9e320398','e81ecef0-4065-11f0-be3e-c8cb9e320398',NULL,180,40,'2025-06-03 05:50:43.430','2025-06-03 05:50:43.430'),('faa8a941-4070-11f0-be3e-c8cb9e320398','85829e49-01f6-4a1d-b77b-afc027937abe','e818da90-4065-11f0-be3e-c8cb9e320398','e89dc3de-4065-11f0-be3e-c8cb9e320398','Juego de Sábanas de Franela Térmicas Invierno','juego-sabanas-franela-termicas-invierno','HOG_FRN_077','Mantente cálido y acogedor en las noches frías con este suave juego de sábanas.',60.000000000000000000000000000000,75.000000000000000000000000000000,38.000000000000000000000000000000,80,1.500000000000000000000000000000,'Franela de Algodón','Portugal',1,0,0,0,'standard','published','2025-06-03 05:50:43.430',NULL,'e81d2af7-4065-11f0-be3e-c8cb9e320398','e81ecef0-4065-11f0-be3e-c8cb9e320398',NULL,250,50,'2025-06-03 05:50:43.430','2025-06-03 05:50:43.430'),('faa8aecc-4070-11f0-be3e-c8cb9e320398','85829e49-01f6-4a1d-b77b-afc027937abe','e818d133-4065-11f0-be3e-c8cb9e320398','e89dc1f1-4065-11f0-be3e-c8cb9e320398','Monitor de Presión Arterial Digital Automático','monitor-presion-arterial-digital-automatico','ELE_MPA_078','Lecturas precisas y rápidas para el seguimiento de tu salud cardiovascular en casa.',49.990000000000000000000000000000,60.000000000000000000000000000000,30.000000000000000000000000000000,60,0.300000000000000000000000000000,'Plástico ABS y Tela','China',0,0,0,0,'exempt','published','2025-06-03 05:50:43.430',NULL,'e81d2c37-4065-11f0-be3e-c8cb9e320398','e81ecef0-4065-11f0-be3e-c8cb9e320398',NULL,400,80,'2025-06-03 05:50:43.430','2025-06-03 05:50:43.430'),('faa8b354-4070-11f0-be3e-c8cb9e320398','85829e49-01f6-4a1d-b77b-afc027937abe','e818db80-4065-11f0-be3e-c8cb9e320398','e89dbf39-4065-11f0-be3e-c8cb9e320398','Balón de Baloncesto Profesional Talla 7','balon-baloncesto-profesional-talla-7','DPT_BLN_079','Agarre superior y durabilidad excepcional para rendimiento en cancha interior o exterior.',35.000000000000000000000000000000,45.000000000000000000000000000000,22.000000000000000000000000000000,90,0.600000000000000000000000000000,'Goma Compuesta','Tailandia',0,0,0,0,'standard','published','2025-06-03 05:50:43.430',NULL,'e81d2c37-4065-11f0-be3e-c8cb9e320398','e81ecef0-4065-11f0-be3e-c8cb9e320398',NULL,150,30,'2025-06-03 05:50:43.430','2025-06-03 05:50:43.430'),('faa8b85d-4070-11f0-be3e-c8cb9e320398','85829e49-01f6-4a1d-b77b-afc027937abe','e818d945-4065-11f0-be3e-c8cb9e320398','e89db599-4065-11f0-be3e-c8cb9e320398','El Poder del Hábito: Transforma Tu Vida','el-poder-del-habito-transforma-tu-vida','LBR_AUT_080','Descubre cómo pequeños cambios en tus hábitos pueden llevar a grandes transformaciones.',16.990000000000000000000000000000,20.000000000000000000000000000000,9.000000000000000000000000000000,200,0.500000000000000000000000000000,'Papel','Estados Unidos',1,0,0,0,'exempt','published','2025-06-03 05:50:43.430',NULL,'e81d2c37-4065-11f0-be3e-c8cb9e320398','e81ecef0-4065-11f0-be3e-c8cb9e320398',NULL,500,100,'2025-06-03 05:50:43.430','2025-06-03 05:50:43.430'),('prod_011_d2e3f4g5h6i7j8k9l0m1n2o3p4q5r6s7','85829e49-01f6-4a1d-b77b-afc027937abe','e818d133-4065-11f0-be3e-c8cb9e320398','e89dc1f1-4065-11f0-be3e-c8cb9e320398','Auriculares Inalámbricos XtremeBass','auriculares-inalambricos-xtremebass','AUDIO_XB_011','Sonido envolvente y cancelación de ruido, perfectos para los amantes de la música.',119.990000000000000000000000000000,149.990000000000000000000000000000,80.000000000000000000000000000000,120,0.300000000000000000000000000000,'Plástico ABS y Metal','China',1,0,0,1,'standard','published','2025-06-03 05:38:17.108',NULL,'e81d2c37-4065-11f0-be3e-c8cb9e320398','e81ecef0-4065-11f0-be3e-c8cb9e320398','https://www.youtube.com/watch?v=auriculares_011',950,210,'2025-06-03 05:38:17.108','2025-06-03 05:38:17.000'),('prod_012_e3f4g5h6i7j8k9l0m1n2o3p4q5r6s7t8','85829e49-01f6-4a1d-b77b-afc027937abe','e818d821-4065-11f0-be3e-c8cb9e320398','e89dc3de-4065-11f0-be3e-c8cb9e320398','Camiseta Algodón Orgánico Premium','camiseta-algodon-organico-premium','RPA_CMST_012','Camiseta suave y cómoda, fabricada con algodón 100% orgánico y sostenible.',24.990000000000000000000000000000,29.990000000000000000000000000000,15.000000000000000000000000000000,300,0.200000000000000000000000000000,'Algodón Orgánico','India',0,0,0,0,'reduced','published','2025-06-03 05:38:17.108',NULL,'e81d2a65-4065-11f0-be3e-c8cb9e320398','e81ecef0-4065-11f0-be3e-c8cb9e320398',NULL,600,150,'2025-06-03 05:38:17.108','2025-06-03 05:38:17.000'),('prod_013_f4g5h6i7j8k9l0m1n2o3p4q5r6s7t8u9','85829e49-01f6-4a1d-b77b-afc027937abe','e818d8c9-4065-11f0-be3e-c8cb9e320398','e89dc6ce-4065-11f0-be3e-c8cb9e320398','Silla Ergonómica Pro para Oficina','silla-ergonomica-pro-oficina','MBL_SLL_013','Diseño ergonómico avanzado para soporte lumbar y confort durante todo el día laboral.',279.000000000000000000000000000000,350.000000000000000000000000000000,180.000000000000000000000000000000,45,15.500000000000000000000000000000,'Malla Transpirable y Acero','Alemania',1,0,1,1,'standard','published','2025-06-03 05:38:17.108',NULL,'e81d2af7-4065-11f0-be3e-c8cb9e320398','e81ecef0-4065-11f0-be3e-c8cb9e320398','https://www.youtube.com/watch?v=silla_013',1100,85,'2025-06-03 05:38:17.108','2025-06-03 05:38:17.000'),('prod_014_g5h6i7j8k9l0m1n2o3p4q5r6s7t8u9v0','85829e49-01f6-4a1d-b77b-afc027937abe','e818d945-4065-11f0-be3e-c8cb9e320398','e89db599-4065-11f0-be3e-c8cb9e320398','El Legado del Dragón: Vol. 1','el-legado-del-dragon-vol-1','LBR_FAN_014','Una emocionante novela de fantasía épica llena de magia, dragones y aventuras.',17.500000000000000000000000000000,20.000000000000000000000000000000,10.000000000000000000000000000000,250,0.600000000000000000000000000000,'Papel y Tinta','España',0,0,0,0,'exempt','published','2025-06-03 05:38:17.108',NULL,'e81d2c37-4065-11f0-be3e-c8cb9e320398','e81ecef0-4065-11f0-be3e-c8cb9e320398',NULL,400,180,'2025-06-03 05:38:17.108','2025-06-03 05:38:17.000'),('prod_015_h6i7j8k9l0m1n2o3p4q5r6s7t8u9v0w1','85829e49-01f6-4a1d-b77b-afc027937abe','e818db80-4065-11f0-be3e-c8cb9e320398','e89dbf39-4065-11f0-be3e-c8cb9e320398','Set de Mancuernas Ajustables 20kg','set-mancuernas-ajustables-20kg','DPT_MNC_015','Mancuernas versátiles con peso ajustable de 2.5kg a 20kg, ideales para entrenamiento en casa.',89.990000000000000000000000000000,109.990000000000000000000000000000,60.000000000000000000000000000000,80,20.000000000000000000000000000000,'Acero Fundido y Plástico','China',1,0,0,1,'standard','published','2025-06-03 05:38:17.108',NULL,'e81d2c37-4065-11f0-be3e-c8cb9e320398','e81ecef0-4065-11f0-be3e-c8cb9e320398',NULL,700,100,'2025-06-03 05:38:17.108','2025-06-03 05:38:17.000'),('prod_016_i7j8k9l0m1n2o3p4q5r6s7t8u9v0w1x2','85829e49-01f6-4a1d-b77b-afc027937abe','e818da90-4065-11f0-be3e-c8cb9e320398','e89dc1f1-4065-11f0-be3e-c8cb9e320398','Robot Aspirador con Mapeo Inteligente','robot-aspirador-mapeo-inteligente','HOG_RBT_016','Limpieza autónoma con tecnología de mapeo láser y control desde smartphone.',349.000000000000000000000000000000,420.000000000000000000000000000000,250.000000000000000000000000000000,30,3.500000000000000000000000000000,'Plástico y Goma','Corea del Sur',1,0,0,1,'standard','published','2025-06-03 05:38:17.108',NULL,'e81d2a65-4065-11f0-be3e-c8cb9e320398','e81ecef0-4065-11f0-be3e-c8cb9e320398','https://www.youtube.com/watch?v=robot_aspirador_016',1800,280,'2025-06-03 05:38:17.108','2025-06-03 05:38:17.000'),('prod_017_j8k9l0m1n2o3p4q5r6s7t8u9v0w1x2y3','85829e49-01f6-4a1d-b77b-afc027937abe','e818db02-4065-11f0-be3e-c8cb9e320398',NULL,'Set de Bloques de Construcción Gigantes','set-bloques-construccion-gigantes','JUG_BLQ_017','Bloques grandes y seguros para que los niños construyan lo que su imaginación les dicte.',49.990000000000000000000000000000,59.990000000000000000000000000000,30.000000000000000000000000000000,180,1.500000000000000000000000000000,'Plástico No Tóxico','China',0,0,0,0,'reduced','published','2025-06-03 05:38:17.108',NULL,'e81d2af7-4065-11f0-be3e-c8cb9e320398','e81ecef0-4065-11f0-be3e-c8cb9e320398',NULL,550,90,'2025-06-03 05:38:17.108','2025-06-03 05:38:17.000'),('prod_018_k9l0m1n2o3p4q5r6s7t8u9v0w1x2y3z4','85829e49-01f6-4a1d-b77b-afc027937abe','e818dc1c-4065-11f0-be3e-c8cb9e320398','e89db599-4065-11f0-be3e-c8cb9e320398','Crema Facial Hidratante con Ácido Hialurónico','crema-facial-hidratante-hialuronico','BLZ_CRM_018','Fórmula avanzada para una hidratación profunda y reducción de líneas finas.',34.990000000000000000000000000000,45.000000000000000000000000000000,20.000000000000000000000000000000,100,0.100000000000000000000000000000,'Crema','Francia',0,0,0,0,'exempt','published','2025-06-03 05:38:17.108',NULL,'e81d27c7-4065-11f0-be3e-c8cb9e320398','e81ecef0-4065-11f0-be3e-c8cb9e320398',NULL,720,110,'2025-06-03 05:38:17.108','2025-06-03 05:38:17.000'),('prod_019_l0m1n2o3p4q5r6s7t8u9v0w1x2y3z4a5','85829e49-01f6-4a1d-b77b-afc027937abe','e818dd87-4065-11f0-be3e-c8cb9e320398','e89dbf39-4065-11f0-be3e-c8cb9e320398','Smartwatch Deportivo Pro X','smartwatch-deportivo-pro-x','ACC_SMW_019','Monitor de ritmo cardíaco, GPS y seguimiento de actividad, resistente al agua.',149.000000000000000000000000000000,180.000000000000000000000000000000,100.000000000000000000000000000000,60,0.050000000000000000000000000000,'Silicona y Acero Inoxidable','Taiwán',1,0,0,1,'standard','published','2025-06-03 05:38:17.108',NULL,'e81d2c37-4065-11f0-be3e-c8cb9e320398','e81ecef0-4065-11f0-be3e-c8cb9e320398','https://www.youtube.com/watch?v=smartwatch_019',1000,200,'2025-06-03 05:38:17.108','2025-06-03 05:38:17.000'),('prod_020_m1n2o3p4q5r6s7t8u9v0w1x2y3z4a5b6','85829e49-01f6-4a1d-b77b-afc027937abe','e818de77-4065-11f0-be3e-c8cb9e320398','e89dc6ce-4065-11f0-be3e-c8cb9e320398','Cama Ortopédica para Perros Grandes','cama-ortopedica-perros-grandes','MSC_CMA_020','Cama premium con soporte ortopédico, ideal para mascotas mayores o con problemas articulares.',69.990000000000000000000000000000,85.000000000000000000000000000000,45.000000000000000000000000000000,50,2.500000000000000000000000000000,'Tela Oxford y Espuma de Memoria','Estados Unidos',0,0,0,0,'reduced','published','2025-06-03 05:38:17.108',NULL,'e81d2b60-4065-11f0-be3e-c8cb9e320398','e81ecef0-4065-11f0-be3e-c8cb9e320398',NULL,300,60,'2025-06-03 05:38:17.108','2025-06-03 05:38:17.000'),('prod_021_n2o3p4q5r6s7t8u9v0w1x2y3z4a5b6c7','85829e49-01f6-4a1d-b77b-afc027937abe','e818da90-4065-11f0-be3e-c8cb9e320398','e89dc1f1-4065-11f0-be3e-c8cb9e320398','Cafetera Espresso Automática X1000','cafetera-espresso-automatica-x1000','COC_CFE_021','Prepara tu café favorito con solo un toque. Muele granos y calienta leche automáticamente.',499.000000000000000000000000000000,550.000000000000000000000000000000,380.000000000000000000000000000000,25,9.000000000000000000000000000000,'Acero Inoxidable y Plástico','Italia',1,0,0,1,'standard','published','2025-06-03 05:40:23.420',NULL,'e81d2c37-4065-11f0-be3e-c8cb9e320398','e81ecef0-4065-11f0-be3e-c8cb9e320398','https://www.youtube.com/watch?v=cafetera_x1000',1300,220,'2025-06-03 05:40:23.420','2025-06-03 05:40:23.420'),('prod_022_o3p4q5r6s7t8u9v0w1x2y3z4a5b6c7d8','85829e49-01f6-4a1d-b77b-afc027937abe','e818da00-4065-11f0-be3e-c8cb9e320398','e89dc3de-4065-11f0-be3e-c8cb9e320398','Zapatillas Running Ultralight Boost','zapatillas-running-ultralight-boost','ZP_RN_022','Diseñadas para la velocidad y el confort, con amortiguación avanzada para correr largas distancias.',120.000000000000000000000000000000,150.000000000000000000000000000000,75.000000000000000000000000000000,180,0.600000000000000000000000000000,'Malla Transpirable y Goma','Vietnam',1,0,0,1,'standard','published','2025-06-03 05:40:23.420',NULL,'e81d2af7-4065-11f0-be3e-c8cb9e320398','e81ecef0-4065-11f0-be3e-c8cb9e320398',NULL,850,300,'2025-06-03 05:40:23.420','2025-06-03 05:40:23.420'),('prod_023_p4q5r6s7t8u9v0w1x2y3z4a5b6c7d8e9','85829e49-01f6-4a1d-b77b-afc027937abe','e818d133-4065-11f0-be3e-c8cb9e320398','e89dbf39-4065-11f0-be3e-c8cb9e320398','Set de Herramientas Profesional 120 Pcs','set-herramientas-profesional-120-pcs','HGM_HRR_023','Kit completo con las herramientas esenciales para cualquier reparación o proyecto en casa.',79.990000000000000000000000000000,99.990000000000000000000000000000,50.000000000000000000000000000000,90,5.000000000000000000000000000000,'Acero Cromado y Plástico','Taiwán',0,0,0,0,'standard','published','2025-06-03 05:40:23.420',NULL,'e81d2c37-4065-11f0-be3e-c8cb9e320398','e81ecef0-4065-11f0-be3e-c8cb9e320398',NULL,600,110,'2025-06-03 05:40:23.420','2025-06-03 05:40:23.420'),('prod_024_q5r6s7t8u9v0w1x2y3z4a5b6c7d8e9f0','85829e49-01f6-4a1d-b77b-afc027937abe','e818d821-4065-11f0-be3e-c8cb9e320398','e89dc3de-4065-11f0-be3e-c8cb9e320398','Vestido de Verano Estampado Floral','vestido-verano-estampado-floral','RPA_VSD_024','Ligero y fresco vestido con un hermoso estampado floral, perfecto para el clima cálido.',39.990000000000000000000000000000,49.990000000000000000000000000000,25.000000000000000000000000000000,150,0.300000000000000000000000000000,'Viscosa','India',0,0,0,0,'reduced','published','2025-06-03 05:40:23.420',NULL,'e81d2a65-4065-11f0-be3e-c8cb9e320398','e81ecef0-4065-11f0-be3e-c8cb9e320398',NULL,450,90,'2025-06-03 05:40:23.420','2025-06-03 05:40:23.420'),('prod_025_r6s7t8u9v0w1x2y3z4a5b6c7d8e9f0g1','85829e49-01f6-4a1d-b77b-afc027937abe','e818e06f-4065-11f0-be3e-c8cb9e320398','e89dc1f1-4065-11f0-be3e-c8cb9e320398','Consola Gaming Apex X3000','consola-gaming-apex-x3000','VDJ_CNS_025','Potente consola de última generación con gráficos 8K y latencia ultrabaja.',599.990000000000000000000000000000,650.000000000000000000000000000000,450.000000000000000000000000000000,20,4.000000000000000000000000000000,'Plástico y Circuitos','Japón',1,0,0,1,'standard','published','2025-06-03 05:40:23.420',NULL,'e81d2c37-4065-11f0-be3e-c8cb9e320398','e81ecef0-4065-11f0-be3e-c8cb9e320398','https://www.youtube.com/watch?v=apex_x3000',2500,400,'2025-06-03 05:40:23.420','2025-06-03 05:40:23.420'),('prod_026_s7t8u9v0w1x2y3z4a5b6c7d8e9f0g1h2','85829e49-01f6-4a1d-b77b-afc027937abe','e818db80-4065-11f0-be3e-c8cb9e320398',NULL,'Saco de Dormir Ultraligero -10°C','saco-dormir-ultraligero-10c','DPT_SAC_026','Compacto y cálido, ideal para expediciones de camping en condiciones frías.',85.000000000000000000000000000000,100.000000000000000000000000000000,55.000000000000000000000000000000,70,1.000000000000000000000000000000,'Nylon y Plumas de Ganso','China',0,0,0,0,'standard','published','2025-06-03 05:40:23.420',NULL,'e81d2af7-4065-11f0-be3e-c8cb9e320398','e81ecef0-4065-11f0-be3e-c8cb9e320398',NULL,300,50,'2025-06-03 05:40:23.420','2025-06-03 05:40:23.420'),('prod_027_t8u9v0w1x2y3z4a5b6c7d8e9f0g1h2i3','85829e49-01f6-4a1d-b77b-afc027937abe','e818d133-4065-11f0-be3e-c8cb9e320398','e89dc1f1-4065-11f0-be3e-c8cb9e320398','Smart TV 65\" 4K HDR QLED','smart-tv-65-4k-hdr-qled','TV_65_4K_027','Impresionante calidad de imagen con colores vibrantes y detalles nítidos en 4K.',899.990000000000000000000000000000,1000.000000000000000000000000000000,650.000000000000000000000000000000,15,25.000000000000000000000000000000,'Aluminio y Plástico','Corea del Sur',1,0,0,1,'standard','published','2025-06-03 05:40:23.420','2026-06-03 05:40:23.420','e81d2bcc-4065-11f0-be3e-c8cb9e320398','e81ecef0-4065-11f0-be3e-c8cb9e320398','https://www.youtube.com/watch?v=smart_tv_027',3000,550,'2025-06-03 05:40:23.420','2025-06-03 05:40:23.420'),('prod_028_u9v0w1x2y3z4a5b6c7d8e9f0g1h2i3j4','85829e49-01f6-4a1d-b77b-afc027937abe','e818e0f4-4065-11f0-be3e-c8cb9e320398','e89dc6ce-4065-11f0-be3e-c8cb9e320398','Silla Plegable de Jardín Rattan Sintético','silla-plegable-jardin-rattan-sintetico','JRD_SLL_028','Ideal para patios y balcones, diseño elegante y fácil de almacenar.',55.000000000000000000000000000000,65.000000000000000000000000000000,35.000000000000000000000000000000,110,3.000000000000000000000000000000,'Rattan Sintético y Acero','Vietnam',0,0,0,0,'standard','published','2025-06-03 05:40:23.420',NULL,'e81d2a65-4065-11f0-be3e-c8cb9e320398','e81ecef0-4065-11f0-be3e-c8cb9e320398',NULL,280,75,'2025-06-03 05:40:23.420','2025-06-03 05:40:23.420'),('prod_029_v0w1x2y3z4a5b6c7d8e9f0g1h2i3j4k5','85829e49-01f6-4a1d-b77b-afc027937abe','e818d945-4065-11f0-be3e-c8cb9e320398','e89db599-4065-11f0-be3e-c8cb9e320398','Cocina Saludable: Recetas Rápidas y Deliciosas','cocina-saludable-recetas-rapidas-deliciosas','LBR_COC_029','Más de 100 recetas fáciles y nutritivas para mantener un estilo de vida saludable.',19.990000000000000000000000000000,24.990000000000000000000000000000,12.000000000000000000000000000000,160,0.700000000000000000000000000000,'Papel','México',0,0,0,0,'exempt','published','2025-06-03 05:40:23.420',NULL,'e81d2c37-4065-11f0-be3e-c8cb9e320398','e81ecef0-4065-11f0-be3e-c8cb9e320398',NULL,350,130,'2025-06-03 05:40:23.420','2025-06-03 05:40:23.420'),('prod_030_w1x2y3z4a5b6c7d8e9f0g1h2i3j4k5l6','85829e49-01f6-4a1d-b77b-afc027937abe','e818dd87-4065-11f0-be3e-c8cb9e320398','e89dbf39-4065-11f0-be3e-c8cb9e320398','Mochila Escolar Impermeable con USB','mochila-escolar-impermeable-usb','ACC_MCH_030','Diseño moderno y funcional, ideal para estudiantes, con puerto de carga USB integrado.',45.000000000000000000000000000000,55.000000000000000000000000000000,28.000000000000000000000000000000,200,0.800000000000000000000000000000,'Poliéster','China',1,0,0,0,'standard','published','2025-06-03 05:40:23.420',NULL,'e81d2af7-4065-11f0-be3e-c8cb9e320398','e81ecef0-4065-11f0-be3e-c8cb9e320398',NULL,800,180,'2025-06-03 05:40:23.420','2025-06-03 05:40:23.420');
/*!40000 ALTER TABLE `Product` ENABLE KEYS */;
UNLOCK TABLES;

--
-- Table structure for table `Size`
--

DROP TABLE IF EXISTS `Size`;
/*!40101 SET @saved_cs_client     = @@character_set_client */;
/*!50503 SET character_set_client = utf8mb4 */;
CREATE TABLE `Size` (
  `id` varchar(191) COLLATE utf8mb4_unicode_ci NOT NULL,
  `storeId` varchar(191) COLLATE utf8mb4_unicode_ci NOT NULL,
  `name` varchar(191) COLLATE utf8mb4_unicode_ci NOT NULL,
  `value` varchar(191) COLLATE utf8mb4_unicode_ci NOT NULL,
  `createdAt` datetime(3) NOT NULL DEFAULT CURRENT_TIMESTAMP(3),
  `updatedAt` datetime(3) NOT NULL,
  PRIMARY KEY (`id`),
  KEY `Size_storeId_idx` (`storeId`)
) ENGINE=InnoDB DEFAULT CHARSET=utf8mb4 COLLATE=utf8mb4_unicode_ci;
/*!40101 SET character_set_client = @saved_cs_client */;

--
-- Dumping data for table `Size`
--

LOCK TABLES `Size` WRITE;
/*!40000 ALTER TABLE `Size` DISABLE KEYS */;
INSERT INTO `Size` VALUES ('9a2a757b-4065-11f0-be3e-c8cb9e320398','b409a0bb-8a23-47b1-a10a-7dda53f0e58f','Pequeña','S','2025-06-03 04:29:17.083','2025-06-03 04:29:17.000'),('9a2a77cf-4065-11f0-be3e-c8cb9e320398','b409a0bb-8a23-47b1-a10a-7dda53f0e58f','Mediana','M','2025-06-03 04:29:17.083','2025-06-03 04:29:17.000'),('9a2a786d-4065-11f0-be3e-c8cb9e320398','b409a0bb-8a23-47b1-a10a-7dda53f0e58f','Grande','L','2025-06-03 04:29:17.083','2025-06-03 04:29:17.000'),('9a2a78dd-4065-11f0-be3e-c8cb9e320398','b409a0bb-8a23-47b1-a10a-7dda53f0e58f','Extragrande','XL','2025-06-03 04:29:17.083','2025-06-03 04:29:17.000'),('9a2a795a-4065-11f0-be3e-c8cb9e320398','b409a0bb-8a23-47b1-a10a-7dda53f0e58f','Extra extra grande','XXL','2025-06-03 04:29:17.083','2025-06-03 04:29:17.000'),('9a2a79c9-4065-11f0-be3e-c8cb9e320398','b409a0bb-8a23-47b1-a10a-7dda53f0e58f','Talla única','OS','2025-06-03 04:29:17.083','2025-06-03 04:29:17.000'),('e81d27c7-4065-11f0-be3e-c8cb9e320398','85829e49-01f6-4a1d-b77b-afc027937abe','Pequeña','S','2025-06-03 04:31:27.858','2025-06-03 04:31:27.000'),('e81d2a65-4065-11f0-be3e-c8cb9e320398','85829e49-01f6-4a1d-b77b-afc027937abe','Mediana','M','2025-06-03 04:31:27.858','2025-06-03 04:31:27.000'),('e81d2af7-4065-11f0-be3e-c8cb9e320398','85829e49-01f6-4a1d-b77b-afc027937abe','Grande','L','2025-06-03 04:31:27.858','2025-06-03 04:31:27.000'),('e81d2b60-4065-11f0-be3e-c8cb9e320398','85829e49-01f6-4a1d-b77b-afc027937abe','Extragrande','XL','2025-06-03 04:31:27.858','2025-06-03 04:31:27.000'),('e81d2bcc-4065-11f0-be3e-c8cb9e320398','85829e49-01f6-4a1d-b77b-afc027937abe','Extra extra grande','XXL','2025-06-03 04:31:27.858','2025-06-03 04:31:27.000'),('e81d2c37-4065-11f0-be3e-c8cb9e320398','85829e49-01f6-4a1d-b77b-afc027937abe','Talla única','OS','2025-06-03 04:31:27.858','2025-06-03 04:31:27.000');
/*!40000 ALTER TABLE `Size` ENABLE KEYS */;
UNLOCK TABLES;

--
-- Table structure for table `Store`
--

DROP TABLE IF EXISTS `Store`;
/*!40101 SET @saved_cs_client     = @@character_set_client */;
/*!50503 SET character_set_client = utf8mb4 */;
CREATE TABLE `Store` (
  `id` varchar(191) COLLATE utf8mb4_unicode_ci NOT NULL,
  `name` varchar(191) COLLATE utf8mb4_unicode_ci NOT NULL,
  `userId` varchar(191) COLLATE utf8mb4_unicode_ci NOT NULL,
  `createdAt` datetime(3) NOT NULL DEFAULT CURRENT_TIMESTAMP(3),
  `updatedAt` datetime(3) NOT NULL,
  PRIMARY KEY (`id`)
) ENGINE=InnoDB DEFAULT CHARSET=utf8mb4 COLLATE=utf8mb4_unicode_ci;
/*!40101 SET character_set_client = @saved_cs_client */;

--
-- Dumping data for table `Store`
--

LOCK TABLES `Store` WRITE;
/*!40000 ALTER TABLE `Store` DISABLE KEYS */;
INSERT INTO `Store` VALUES ('85829e49-01f6-4a1d-b77b-afc027937abe','Tienda Test','user_2xzOhmwHMe2NXNaPzw1RxMyrxcC','2025-06-03 10:30:01.361','2025-06-03 10:30:01.361');
/*!40000 ALTER TABLE `Store` ENABLE KEYS */;
UNLOCK TABLES;

--
-- Table structure for table `Supplier`
--

DROP TABLE IF EXISTS `Supplier`;
/*!40101 SET @saved_cs_client     = @@character_set_client */;
/*!50503 SET character_set_client = utf8mb4 */;
CREATE TABLE `Supplier` (
  `id` varchar(191) COLLATE utf8mb4_unicode_ci NOT NULL,
  `storeId` varchar(191) COLLATE utf8mb4_unicode_ci NOT NULL,
  `name` varchar(191) COLLATE utf8mb4_unicode_ci NOT NULL,
  `email` varchar(191) COLLATE utf8mb4_unicode_ci NOT NULL,
  `phone` varchar(191) COLLATE utf8mb4_unicode_ci NOT NULL,
  `address` varchar(191) COLLATE utf8mb4_unicode_ci NOT NULL,
  `createdAt` datetime(3) NOT NULL DEFAULT CURRENT_TIMESTAMP(3),
  `updatedAt` datetime(3) NOT NULL,
  PRIMARY KEY (`id`),
  KEY `Supplier_storeId_idx` (`storeId`)
) ENGINE=InnoDB DEFAULT CHARSET=utf8mb4 COLLATE=utf8mb4_unicode_ci;
/*!40101 SET character_set_client = @saved_cs_client */;

--
-- Dumping data for table `Supplier`
--

LOCK TABLES `Supplier` WRITE;
/*!40000 ALTER TABLE `Supplier` DISABLE KEYS */;
INSERT INTO `Supplier` VALUES ('9a6bc39b-4065-11f0-be3e-c8cb9e320398','b409a0bb-8a23-47b1-a10a-7dda53f0e58f','Distribuidora Andina S.A.','contacto@andina.com','+57 123 456 7890','Cra 10 #20-30, Bogotá','2025-06-03 04:29:17.511','2025-06-03 04:29:17.000'),('9a6bc6f9-4065-11f0-be3e-c8cb9e320398','b409a0bb-8a23-47b1-a10a-7dda53f0e58f','Importadora Global SAS','ventas@globalimports.com','+57 310 987 6543','Cl 5 #15-25, Medellín','2025-06-03 04:29:17.511','2025-06-03 04:29:17.000'),('9a6bc803-4065-11f0-be3e-c8cb9e320398','b409a0bb-8a23-47b1-a10a-7dda53f0e58f','ElectroProductos del Norte','info@electronorte.com','+57 320 123 4567','Av. Libertadores #100, Barranquilla','2025-06-03 04:29:17.511','2025-06-03 04:29:17.000'),('9a6bc88b-4065-11f0-be3e-c8cb9e320398','b409a0bb-8a23-47b1-a10a-7dda53f0e58f','Textiles del Valle','textiles@delvalle.com','+57 315 678 9012','Calle 20 #3A-45, Cali','2025-06-03 04:29:17.511','2025-06-03 04:29:17.000'),('9a6bc983-4065-11f0-be3e-c8cb9e320398','b409a0bb-8a23-47b1-a10a-7dda53f0e58f','Muebles y Hogar Ltda.','hogar@mueblesyltda.com','+57 312 345 6789','Carrera 15 #45-67, Cartagena','2025-06-03 04:29:17.511','2025-06-03 04:29:17.000'),('e89db599-4065-11f0-be3e-c8cb9e320398','85829e49-01f6-4a1d-b77b-afc027937abe','Distribuidora Andina S.A.','contacto@andina.com','+57 123 456 7890','Cra 10 #20-30, Bogotá','2025-06-03 04:31:28.700','2025-06-03 04:31:28.000'),('e89dbf39-4065-11f0-be3e-c8cb9e320398','85829e49-01f6-4a1d-b77b-afc027937abe','Importadora Global SAS','ventas@globalimports.com','+57 310 987 6543','Cl 5 #15-25, Medellín','2025-06-03 04:31:28.700','2025-06-03 04:31:28.000'),('e89dc1f1-4065-11f0-be3e-c8cb9e320398','85829e49-01f6-4a1d-b77b-afc027937abe','ElectroProductos del Norte','info@electronorte.com','+57 320 123 4567','Av. Libertadores #100, Barranquilla','2025-06-03 04:31:28.700','2025-06-03 04:31:28.000'),('e89dc3de-4065-11f0-be3e-c8cb9e320398','85829e49-01f6-4a1d-b77b-afc027937abe','Textiles del Valle','textiles@delvalle.com','+57 315 678 9012','Calle 20 #3A-45, Cali','2025-06-03 04:31:28.700','2025-06-03 04:31:28.000'),('e89dc6ce-4065-11f0-be3e-c8cb9e320398','85829e49-01f6-4a1d-b77b-afc027937abe','Muebles y Hogar Ltda.','hogar@mueblesyltda.com','+57 312 345 6789','Carrera 15 #45-67, Cartagena','2025-06-03 04:31:28.700','2025-06-03 04:31:28.000');
/*!40000 ALTER TABLE `Supplier` ENABLE KEYS */;
UNLOCK TABLES;

--
-- Table structure for table `_prisma_migrations`
--

DROP TABLE IF EXISTS `_prisma_migrations`;
/*!40101 SET @saved_cs_client     = @@character_set_client */;
/*!50503 SET character_set_client = utf8mb4 */;
CREATE TABLE `_prisma_migrations` (
  `id` varchar(36) COLLATE utf8mb4_unicode_ci NOT NULL,
  `checksum` varchar(64) COLLATE utf8mb4_unicode_ci NOT NULL,
  `finished_at` datetime(3) DEFAULT NULL,
  `migration_name` varchar(255) COLLATE utf8mb4_unicode_ci NOT NULL,
  `logs` text COLLATE utf8mb4_unicode_ci,
  `rolled_back_at` datetime(3) DEFAULT NULL,
  `started_at` datetime(3) NOT NULL DEFAULT CURRENT_TIMESTAMP(3),
  `applied_steps_count` int unsigned NOT NULL DEFAULT '0',
  PRIMARY KEY (`id`)
) ENGINE=InnoDB DEFAULT CHARSET=utf8mb4 COLLATE=utf8mb4_unicode_ci;
/*!40101 SET character_set_client = @saved_cs_client */;

--
-- Dumping data for table `_prisma_migrations`
--

LOCK TABLES `_prisma_migrations` WRITE;
/*!40000 ALTER TABLE `_prisma_migrations` DISABLE KEYS */;
INSERT INTO `_prisma_migrations` VALUES ('1a13d701-72ae-48f2-9509-ae0c3ee829dc','8c714989168989fb299dcd4739cf7c2eaf3c913a1165ba78901bcefa6378c069','2025-06-03 10:22:09.635','20250603090810_add_supplier_model',NULL,NULL,'2025-06-03 10:22:09.025',1),('fd124243-0d6a-43f5-8504-057f6381fbc1','aefd5a4f4b2a7cee3db931125e6bdc95ba60495cf1a72446c9735c87c95a8b06','2025-06-03 10:23:17.982','20250603102317_alter_add_updated_at_default',NULL,NULL,'2025-06-03 10:23:17.032',1);
/*!40000 ALTER TABLE `_prisma_migrations` ENABLE KEYS */;
UNLOCK TABLES;
/*!40103 SET TIME_ZONE=@OLD_TIME_ZONE */;

/*!40101 SET SQL_MODE=@OLD_SQL_MODE */;
/*!40014 SET FOREIGN_KEY_CHECKS=@OLD_FOREIGN_KEY_CHECKS */;
/*!40014 SET UNIQUE_CHECKS=@OLD_UNIQUE_CHECKS */;
/*!40101 SET CHARACTER_SET_CLIENT=@OLD_CHARACTER_SET_CLIENT */;
/*!40101 SET CHARACTER_SET_RESULTS=@OLD_CHARACTER_SET_RESULTS */;
/*!40101 SET COLLATION_CONNECTION=@OLD_COLLATION_CONNECTION */;
/*!40111 SET SQL_NOTES=@OLD_SQL_NOTES */;

-- Dump completed on 2025-06-07  1:05:47
